Index Raw,Index,Type Raw,Model ID Raw,Model ID,Custom Model ID Raw,HBG ID Raw,LBG ID Raw,ID,Name Raw,Name,Description Raw,Sort ID Raw,Sort ID,Price Raw,Price,Rarity Raw,Rarity,Attack Raw,Attack,Defense Raw,Defense,Affinity Raw,Affinity,Slot 1 Raw,Slot 2 Raw,Slot 3 Raw,Slots,Main Shell Raw,Main Shell,Shell 0 Lv Raw,Shell 1 Lv Raw,Shell 2 Lv Raw,Shell 3 Lv Raw,Shell 4 Lv Raw,Shell 5 Lv Raw,Shell 6 Lv Raw,Shell 7 Lv Raw,Shell 8 Lv Raw,Shell 9 Lv Raw,Shell 10 Lv Raw,Shell 11 Lv Raw,Shell 12 Lv Raw,Shell 13 Lv Raw,Shell 14 Lv Raw,Shell 15 Lv Raw,Shell 16 Lv Raw,Shell 17 Lv Raw,Shell 18 Lv Raw,Shell 19 Lv Raw,Bowgun Shell Levels,Shell 0 Num Raw,Shell 1 Num Raw,Shell 2 Num Raw,Shell 3 Num Raw,Shell 4 Num Raw,Shell 5 Num Raw,Shell 6 Num Raw,Shell 7 Num Raw,Shell 8 Num Raw,Shell 9 Num Raw,Shell 10 Num Raw,Shell 11 Num Raw,Shell 12 Num Raw,Shell 13 Num Raw,Shell 14 Num Raw,Shell 15 Num Raw,Shell 16 Num Raw,Shell 17 Num Raw,Shell 18 Num Raw,Shell 19 Num Raw,Bowgun Shell Capacities,Rapid Shell 0 Num Raw,Rapid Shell 1 Num Raw,Rapid Shell 2 Num Raw,Rapid Shell 3 Num Raw,Rapid Shell 4 Num Raw,Rapid Shell 5 Num Raw,Rapid Shell 6 Num Raw,Rapid Shell 7 Num Raw,Rapid Shell 8 Num Raw,Rapid Shell 9 Num Raw,Rapid Shell 10 Num Raw,Rapid Shell 11 Num Raw,Rapid Shell 12 Num Raw,Rapid Shell 13 Num Raw,Rapid Shell 14 Num Raw,Rapid Shell 15 Num Raw,Rapid Shell 16 Num Raw,Rapid Shell 17 Num Raw,Rapid Shell 18 Num Raw,Rapid Shell 19 Num Raw,Bowgun Rapid Fire Shell Capacities,Is Rapid 0 Raw,Is Rapid 1 Raw,Is Rapid 2 Raw,Is Rapid 3 Raw,Is Rapid 4 Raw,Is Rapid 5 Raw,Is Rapid 6 Raw,Is Rapid 7 Raw,Is Rapid 8 Raw,Is Rapid 9 Raw,Is Rapid 10 Raw,Is Rapid 11 Raw,Is Rapid 12 Raw,Is Rapid 13 Raw,Is Rapid 14 Raw,Is Rapid 15 Raw,Is Rapid 16 Raw,Is Rapid 17 Raw,Is Rapid 18 Raw,Is Rapid 19 Raw,Bowgun Rapid Fire Shells,Customize Pattern 1 Raw,Customize Pattern 2 Raw,First Customization Slot,Second Customization Slot,Wp13 Special Ammo Raw,Light Bowgun Special Ammo,Display Barrel Raw,Bowgun Display Barrel,Skill 0 Raw,Skill 1 Raw,Skill 2 Raw,Skill 3 Raw,Skill 0 Lv Raw,Skill 1 Lv Raw,Skill 2 Lv Raw,Skill 3 Lv Raw,Skill 1,Skill 1 Lv,Skill 2,Skill 2 Lv
00000000,0,00000001,00000001,1,00000000,00000000,00000001,1,0E85BF84-E3F2-48B8-B7E9-FDF9F57358A0,Hope Rifle I,BC4DFA49-8050-4F36-BF90-22DBCED877D3,00000000,0,000000C8,200z,00000012,1,005A,90,0000,0,0000,0%,00000000,00000000,00000000,"0, 0, 0",9BE1AC80,Normal?,578C0500,FE3E4B10,FE3E4B10,C063CC00,C063CC00,C063CC00,C063CC00,C063CC00,C063CC00,FE3E4B10,C063CC00,C063CC00,FE3E4B10,C063CC00,C063CC00,FE3E4B10,C063CC00,FE3E4B10,C063CC00,FE3E4B10,"2, 1, 1, 0, 0, 0, 0, 0, 0, 1, 0, 0, 1, 0, 0, 1, 0, 1, 0, 1",0004,0004,0003,0000,0000,0000,0000,0000,0000,0005,0000,0000,0002,0000,0000,0001,0000,0001,0000,0004,"4, 4, 3, 0, 0, 0, 0, 0, 0, 5, 0, 0, 2, 0, 0, 1, 0, 1, 0, 4",0001,0000,0001,0000,0000,0000,0000,0000,0000,0000,0000,0000,0000,0000,0000,0000,0000,0000,0000,0000,"1, 0, 1, 0, 0, 0, 0, 0, 0, 0, 0, 0, 0, 0, 0, 0, 0, 0, 0, 0",01,00,01,00,00,00,00,00,00,00,00,00,00,00,00,00,00,00,00,00,"TRUE, FALSE, TRUE, FALSE, FALSE, FALSE, FALSE, FALSE, FALSE, FALSE, FALSE, FALSE, FALSE, FALSE, FALSE, FALSE, FALSE, FALSE, FALSE, FALSE",43635280,935B7680,"Normal Ammo Magazine,Pierce Ammo Magazine,Spread Ammo Magazine,Elemental Boost Magazine","Normal Ammo Magazine,Pierce Ammo Magazine,Spread Ammo Magazine,Rapid Fire Magazine,Special Ammo Magazine",6471BD80,Wyvernblast,00,FALSE,00000000,00000000,00000000,00000000,0000,0000,0000,0000,,,,
00000001,1,00000001,00000001,1,00000000,00000000,00000002,2,22F2112A-165B-43E0-8C5E-200CF5EE8F59,Hope Rifle II,3D6F64F2-B8E5-4F30-B45B-FB5D79832608,00000001,1,000001F4,500z,00000012,1,0064,100,0000,0,0000,0%,00000000,00000000,00000000,"0, 0, 0",9BE1AC80,Normal?,578C0500,FE3E4B10,FE3E4B10,C063CC00,C063CC00,C063CC00,C063CC00,C063CC00,C063CC00,FE3E4B10,C063CC00,C063CC00,FE3E4B10,C063CC00,C063CC00,FE3E4B10,C063CC00,FE3E4B10,C063CC00,FE3E4B10,"2, 1, 1, 0, 0, 0, 0, 0, 0, 1, 0, 0, 1, 0, 0, 1, 0, 1, 0, 1",0004,0004,0003,0000,0000,0000,0000,0000,0000,0005,0000,0000,0002,0000,0000,0001,0000,0001,0000,0004,"4, 4, 3, 0, 0, 0, 0, 0, 0, 5, 0, 0, 2, 0, 0, 1, 0, 1, 0, 4",0001,0000,0001,0000,0000,0000,0000,0000,0000,0000,0000,0000,0000,0000,0000,0000,0000,0000,0000,0000,"1, 0, 1, 0, 0, 0, 0, 0, 0, 0, 0, 0, 0, 0, 0, 0, 0, 0, 0, 0",01,00,01,00,00,00,00,00,00,00,00,00,00,00,00,00,00,00,00,00,"TRUE, FALSE, TRUE, FALSE, FALSE, FALSE, FALSE, FALSE, FALSE, FALSE, FALSE, FALSE, FALSE, FALSE, FALSE, FALSE, FALSE, FALSE, FALSE, FALSE",43635280,935B7680,"Normal Ammo Magazine,Pierce Ammo Magazine,Spread Ammo Magazine,Elemental Boost Magazine","Normal Ammo Magazine,Pierce Ammo Magazine,Spread Ammo Magazine,Rapid Fire Magazine,Special Ammo Magazine",6471BD80,Wyvernblast,00,FALSE,E6EE04A0,00000000,00000000,00000000,0001,0000,0000,0000,Ballistics,1,,
00000002,2,00000001,00000001,1,00000000,00000000,00000003,3,720C23A5-CE88-4AEA-9ABF-B8F440599481,Hope Rifle III,B318F088-40AC-4D2E-9523-ECD57874CF42,00000002,2,000005DC,"1,500z",00000010,3,0082,130,0000,0,0000,0%,00000000,00000000,00000000,"0, 0, 0",9BE1AC80,Normal?,578C0500,FE3E4B10,FE3E4B10,C063CC00,C063CC00,C063CC00,C063CC00,C063CC00,C063CC00,FE3E4B10,C063CC00,C063CC00,FE3E4B10,C063CC00,C063CC00,FE3E4B10,C063CC00,FE3E4B10,C063CC00,FE3E4B10,"2, 1, 1, 0, 0, 0, 0, 0, 0, 1, 0, 0, 1, 0, 0, 1, 0, 1, 0, 1",0004,0004,0003,0000,0000,0000,0000,0000,0000,0005,0000,0000,0002,0000,0000,0001,0000,0001,0000,0004,"4, 4, 3, 0, 0, 0, 0, 0, 0, 5, 0, 0, 2, 0, 0, 1, 0, 1, 0, 4",0001,0000,0001,0000,0000,0000,0000,0000,0000,0000,0000,0000,0000,0000,0000,0000,0000,0000,0000,0000,"1, 0, 1, 0, 0, 0, 0, 0, 0, 0, 0, 0, 0, 0, 0, 0, 0, 0, 0, 0",01,00,01,00,00,00,00,00,00,00,00,00,00,00,00,00,00,00,00,00,"TRUE, FALSE, TRUE, FALSE, FALSE, FALSE, FALSE, FALSE, FALSE, FALSE, FALSE, FALSE, FALSE, FALSE, FALSE, FALSE, FALSE, FALSE, FALSE, FALSE",43635280,935B7680,"Normal Ammo Magazine,Pierce Ammo Magazine,Spread Ammo Magazine,Elemental Boost Magazine","Normal Ammo Magazine,Pierce Ammo Magazine,Spread Ammo Magazine,Rapid Fire Magazine,Special Ammo Magazine",6471BD80,Wyvernblast,00,FALSE,E6EE04A0,830A1C00,00000000,00000000,0001,0001,0000,0000,Ballistics,1,Critical Eye,1
00000003,3,00000001,00000001,1,00000000,00000000,00000004,4,9659A6BA-DE59-4406-ABCE-99B56A7D1AD2,Hope Rifle IV,9337579E-EA37-4B70-BC77-C79DAC262B05,00000003,3,00000FA0,"4,000z",0000000E,5,00A0,160,0000,0,0000,0%,00000002,00000001,00000000,"2, 1, 0",9BE1AC80,Normal?,578C0500,FE3E4B10,FE3E4B10,C063CC00,C063CC00,C063CC00,C063CC00,C063CC00,C063CC00,FE3E4B10,C063CC00,C063CC00,FE3E4B10,C063CC00,C063CC00,FE3E4B10,C063CC00,FE3E4B10,C063CC00,FE3E4B10,"2, 1, 1, 0, 0, 0, 0, 0, 0, 1, 0, 0, 1, 0, 0, 1, 0, 1, 0, 1",0004,0004,0003,0000,0000,0000,0000,0000,0000,0005,0000,0000,0003,0000,0000,0001,0000,0001,0000,0004,"4, 4, 3, 0, 0, 0, 0, 0, 0, 5, 0, 0, 3, 0, 0, 1, 0, 1, 0, 4",0001,0000,0001,0000,0000,0000,0000,0000,0000,0000,0000,0000,0000,0000,0000,0000,0000,0000,0000,0000,"1, 0, 1, 0, 0, 0, 0, 0, 0, 0, 0, 0, 0, 0, 0, 0, 0, 0, 0, 0",01,00,01,00,00,00,00,00,00,00,00,00,00,00,00,00,00,00,00,00,"TRUE, FALSE, TRUE, FALSE, FALSE, FALSE, FALSE, FALSE, FALSE, FALSE, FALSE, FALSE, FALSE, FALSE, FALSE, FALSE, FALSE, FALSE, FALSE, FALSE",43635280,935B7680,"Normal Ammo Magazine,Pierce Ammo Magazine,Spread Ammo Magazine,Elemental Boost Magazine","Normal Ammo Magazine,Pierce Ammo Magazine,Spread Ammo Magazine,Rapid Fire Magazine,Special Ammo Magazine",6471BD80,Wyvernblast,00,FALSE,E6EE04A0,830A1C00,00000000,00000000,0002,0001,0000,0000,Ballistics,2,Critical Eye,1
00000004,4,00000001,00000001,1,00000000,00000000,00000005,5,77EF492F-52F0-45B4-BABF-2DAC150356CC,Hope Rifle V,E90C2295-9456-4450-A912-D02C29C472F0,00000004,4,000036B0,"14,000z",0000000C,7,00BE,190,0000,0,0000,0%,00000003,00000002,00000000,"3, 2, 0",9BE1AC80,Normal?,578C0500,FE3E4B10,FE3E4B10,C063CC00,C063CC00,C063CC00,C063CC00,C063CC00,C063CC00,FE3E4B10,C063CC00,C063CC00,FE3E4B10,C063CC00,C063CC00,FE3E4B10,C063CC00,FE3E4B10,C063CC00,FE3E4B10,"2, 1, 1, 0, 0, 0, 0, 0, 0, 1, 0, 0, 1, 0, 0, 1, 0, 1, 0, 1",0004,0004,0003,0000,0000,0000,0000,0000,0000,0005,0000,0000,0003,0000,0000,0001,0000,0001,0000,0004,"4, 4, 3, 0, 0, 0, 0, 0, 0, 5, 0, 0, 3, 0, 0, 1, 0, 1, 0, 4",0001,0000,0001,0000,0000,0000,0000,0000,0000,0000,0000,0000,0000,0000,0000,0000,0000,0000,0000,0000,"1, 0, 1, 0, 0, 0, 0, 0, 0, 0, 0, 0, 0, 0, 0, 0, 0, 0, 0, 0",01,00,01,00,00,00,00,00,00,00,00,00,00,00,00,00,00,00,00,00,"TRUE, FALSE, TRUE, FALSE, FALSE, FALSE, FALSE, FALSE, FALSE, FALSE, FALSE, FALSE, FALSE, FALSE, FALSE, FALSE, FALSE, FALSE, FALSE, FALSE",43635280,935B7680,"Normal Ammo Magazine,Pierce Ammo Magazine,Spread Ammo Magazine,Elemental Boost Magazine","Normal Ammo Magazine,Pierce Ammo Magazine,Spread Ammo Magazine,Rapid Fire Magazine,Special Ammo Magazine",6471BD80,Wyvernblast,00,FALSE,E6EE04A0,830A1C00,00000000,00000000,0003,0001,0000,0000,Ballistics,3,Critical Eye,1
00000030,48,00000001,0000000D,13,00000000,00000000,00000006,6,4280EFB6-E526-4CCC-AB60-9CAC19EADAE1,Kut-Ku Anger I,B5E0C7EF-E35F-4F01-BC09-353F13B391D6,00000032,50,00000FA0,"4,000z",0000000E,5,00B4,180,0000,0,0000,0%,00000002,00000001,00000000,"2, 1, 0",9BE1AC80,Normal?,578C0500,FE3E4B10,FE3E4B10,C063CC00,C063CC00,C063CC00,C063CC00,578C0500,C063CC00,C063CC00,C063CC00,C063CC00,FE3E4B10,FE3E4B10,C063CC00,FE3E4B10,C063CC00,C063CC00,C063CC00,FE3E4B10,"2, 1, 1, 0, 0, 0, 0, 2, 0, 0, 0, 0, 1, 1, 0, 1, 0, 0, 0, 1",0004,0004,0004,0000,0000,0000,0000,0004,0000,0000,0000,0000,0003,0003,0000,0002,0000,0000,0000,0004,"4, 4, 4, 0, 0, 0, 0, 4, 0, 0, 0, 0, 3, 3, 0, 2, 0, 0, 0, 4",0001,0000,0000,0000,0000,0000,0000,0001,0000,0000,0000,0000,0000,0000,0000,0000,0000,0000,0000,0000,"1, 0, 0, 0, 0, 0, 0, 1, 0, 0, 0, 0, 0, 0, 0, 0, 0, 0, 0, 0",01,00,00,00,00,00,00,01,00,00,00,00,00,00,00,00,00,00,00,00,"TRUE, FALSE, FALSE, FALSE, FALSE, FALSE, FALSE, TRUE, FALSE, FALSE, FALSE, FALSE, FALSE, FALSE, FALSE, FALSE, FALSE, FALSE, FALSE, FALSE",7899A400,0875F260,"Normal Ammo Magazine,Pierce Ammo Magazine,Spread Ammo Magazine,Elemental Boost Magazine","Elemental Boost Magazine,Rapid Fire Mod,Special Ammo Mod",9F0A5000,Adhesive Ammo?,00,FALSE,E6EE04A0,00000000,00000000,00000000,0002,0000,0000,0000,Ballistics,2,,
00000031,49,00000001,0000000D,13,00000000,00000000,00000007,7,260A2B4F-9D44-4139-93E5-35A92AA0031F,Kut-Ku Anger II,A87CA25F-C25D-4F4B-8424-E021D83789DA,00000033,51,000036B0,"14,000z",0000000C,7,00D2,210,0000,0,0000,0%,00000003,00000002,00000000,"3, 2, 0",9BE1AC80,Normal?,578C0500,FE3E4B10,FE3E4B10,C063CC00,C063CC00,C063CC00,C063CC00,578C0500,C063CC00,C063CC00,C063CC00,C063CC00,FE3E4B10,FE3E4B10,C063CC00,FE3E4B10,C063CC00,C063CC00,C063CC00,FE3E4B10,"2, 1, 1, 0, 0, 0, 0, 2, 0, 0, 0, 0, 1, 1, 0, 1, 0, 0, 0, 1",0004,0004,0004,0000,0000,0000,0000,0004,0000,0000,0000,0000,0003,0003,0000,0002,0000,0000,0000,0004,"4, 4, 4, 0, 0, 0, 0, 4, 0, 0, 0, 0, 3, 3, 0, 2, 0, 0, 0, 4",0001,0000,0000,0000,0000,0000,0000,0001,0000,0000,0000,0000,0000,0000,0000,0000,0000,0000,0000,0000,"1, 0, 0, 0, 0, 0, 0, 1, 0, 0, 0, 0, 0, 0, 0, 0, 0, 0, 0, 0",01,00,00,00,00,00,00,01,00,00,00,00,00,00,00,00,00,00,00,00,"TRUE, FALSE, FALSE, FALSE, FALSE, FALSE, FALSE, TRUE, FALSE, FALSE, FALSE, FALSE, FALSE, FALSE, FALSE, FALSE, FALSE, FALSE, FALSE, FALSE",7899A400,0875F260,"Normal Ammo Magazine,Pierce Ammo Magazine,Spread Ammo Magazine,Elemental Boost Magazine","Elemental Boost Magazine,Rapid Fire Mod,Special Ammo Mod",9F0A5000,Adhesive Ammo?,00,FALSE,E6EE04A0,00000000,00000000,00000000,0003,0000,0000,0000,Ballistics,3,,
00000032,50,00000001,0000000D,13,00000000,00000000,00000008,8,D404F3D1-32EB-48CA-BD9B-3041D302BF6F,Kut-Ku Counterattack,83007DD2-D911-4157-B000-76D877DF1444,00000034,52,00004E20,"20,000z",0000000B,8,00DC,220,0000,0,0000,0%,00000003,00000002,00000001,"3, 2, 1",9BE1AC80,Normal?,578C0500,FE3E4B10,FE3E4B10,C063CC00,C063CC00,C063CC00,C063CC00,578C0500,C063CC00,C063CC00,C063CC00,C063CC00,FE3E4B10,FE3E4B10,C063CC00,FE3E4B10,C063CC00,C063CC00,C063CC00,FE3E4B10,"2, 1, 1, 0, 0, 0, 0, 2, 0, 0, 0, 0, 1, 1, 0, 1, 0, 0, 0, 1",0004,0004,0004,0000,0000,0000,0000,0004,0000,0000,0000,0000,0003,0003,0000,0002,0000,0000,0000,0004,"4, 4, 4, 0, 0, 0, 0, 4, 0, 0, 0, 0, 3, 3, 0, 2, 0, 0, 0, 4",0001,0000,0000,0000,0000,0000,0000,0001,0000,0000,0000,0000,0000,0000,0000,0000,0000,0000,0000,0000,"1, 0, 0, 0, 0, 0, 0, 1, 0, 0, 0, 0, 0, 0, 0, 0, 0, 0, 0, 0",01,00,00,00,00,00,00,01,00,00,00,00,00,00,00,00,00,00,00,00,"TRUE, FALSE, FALSE, FALSE, FALSE, FALSE, FALSE, TRUE, FALSE, FALSE, FALSE, FALSE, FALSE, FALSE, FALSE, FALSE, FALSE, FALSE, FALSE, FALSE",7899A400,0875F260,"Normal Ammo Magazine,Pierce Ammo Magazine,Spread Ammo Magazine,Elemental Boost Magazine","Elemental Boost Magazine,Rapid Fire Mod,Special Ammo Mod",9F0A5000,Adhesive Ammo?,01,TRUE,E6EE04A0,00000000,00000000,00000000,0003,0000,0000,0000,Ballistics,3,,
0000003E,62,00000001,00000008,8,00000000,00000000,00000009,9,02725472-A51A-4707-9B12-92AAEC525A77,FÃ¤ulnisschleuder I,7A46D819-23F5-4CC8-B12B-5D92AF12D62F,0000003C,60,000036B0,"14,000z",0000000C,7,00B4,180,0000,0,0014,20%,00000003,00000002,00000000,"3, 2, 0",9BE1AC80,Normal?,6977C080,FE3E4B10,FE3E4B10,C063CC00,C063CC00,C063CC00,C063CC00,C063CC00,C063CC00,C063CC00,FE3E4B10,FE3E4B10,C063CC00,C063CC00,C063CC00,C063CC00,C063CC00,C063CC00,C063CC00,FE3E4B10,"3, 1, 1, 0, 0, 0, 0, 0, 0, 0, 1, 1, 0, 0, 0, 0, 0, 0, 0, 1",0003,0005,0004,0000,0000,0000,0000,0000,0000,0000,0005,0002,0000,0000,0000,0000,0000,0000,0000,0004,"3, 5, 4, 0, 0, 0, 0, 0, 0, 0, 5, 2, 0, 0, 0, 0, 0, 0, 0, 4",0001,0000,0000,0000,0000,0000,0000,0000,0000,0000,0001,0000,0000,0000,0000,0000,0000,0000,0000,0000,"1, 0, 0, 0, 0, 0, 0, 0, 0, 0, 1, 0, 0, 0, 0, 0, 0, 0, 0, 0",01,00,00,00,00,00,00,00,00,00,01,00,00,00,00,00,00,00,00,00,"TRUE, FALSE, FALSE, FALSE, FALSE, FALSE, FALSE, FALSE, FALSE, FALSE, TRUE, FALSE, FALSE, FALSE, FALSE, FALSE, FALSE, FALSE, FALSE, FALSE",7899A400,2696F400,"Normal Ammo Magazine,Pierce Ammo Magazine,Spread Ammo Magazine,Elemental Boost Magazine","Elemental Boost Magazine,Rapid Fire Mod,Special Ammo Mod",6471BD80,Wyvernblast,00,FALSE,12B121E0,00000000,00000000,00000000,0003,0000,0000,0000,Critical Element,3,,
0000003F,63,00000001,00000008,8,00000000,00000000,0000000A,10,48F7F04A-E5C4-48A4-94B1-6F301771C558,Wahnschleuder,D6BACE4B-EADF-4540-AA53-22D7E718DEE5,0000003D,61,00004E20,"20,000z",0000000B,8,00C8,200,0000,0,0014,20%,00000003,00000002,00000001,"3, 2, 1",9BE1AC80,Normal?,6977C080,FE3E4B10,FE3E4B10,C063CC00,C063CC00,C063CC00,C063CC00,C063CC00,C063CC00,C063CC00,FE3E4B10,FE3E4B10,C063CC00,C063CC00,C063CC00,C063CC00,C063CC00,C063CC00,C063CC00,FE3E4B10,"3, 1, 1, 0, 0, 0, 0, 0, 0, 0, 1, 1, 0, 0, 0, 0, 0, 0, 0, 1",0003,0005,0004,0000,0000,0000,0000,0000,0000,0000,0005,0002,0000,0000,0000,0000,0000,0000,0000,0004,"3, 5, 4, 0, 0, 0, 0, 0, 0, 0, 5, 2, 0, 0, 0, 0, 0, 0, 0, 4",0001,0000,0000,0000,0000,0000,0000,0000,0000,0000,0001,0000,0000,0000,0000,0000,0000,0000,0000,0000,"1, 0, 0, 0, 0, 0, 0, 0, 0, 0, 1, 0, 0, 0, 0, 0, 0, 0, 0, 0",01,00,00,00,00,00,00,00,00,00,01,00,00,00,00,00,00,00,00,00,"TRUE, FALSE, FALSE, FALSE, FALSE, FALSE, FALSE, FALSE, FALSE, FALSE, TRUE, FALSE, FALSE, FALSE, FALSE, FALSE, FALSE, FALSE, FALSE, FALSE",7899A400,2696F400,"Normal Ammo Magazine,Pierce Ammo Magazine,Spread Ammo Magazine,Elemental Boost Magazine","Elemental Boost Magazine,Rapid Fire Mod,Special Ammo Mod",6471BD80,Wyvernblast,01,TRUE,12B121E0,00000000,00000000,00000000,0003,0000,0000,0000,Critical Element,3,,
00000016,22,00000001,00000005,5,00000000,00000000,0000000B,11,43605184-EB98-482B-9F9F-BCE16DF8C76D,Rey Szelatya I,046936C4-519E-4BEE-84BA-D7A7D82B68F1,00000019,25,000007D0,"2,000z",00000010,3,008C,140,0000,0,0000,0%,00000000,00000000,00000000,"0, 0, 0",E92D7680,Pierce?,FE3E4B10,6977C080,FE3E4B10,FE3E4B10,C063CC00,C063CC00,C063CC00,C063CC00,C063CC00,578C0500,C063CC00,C063CC00,C063CC00,578C0500,C063CC00,C063CC00,C063CC00,C063CC00,C063CC00,FE3E4B10,"1, 3, 1, 1, 0, 0, 0, 0, 0, 2, 0, 0, 0, 2, 0, 0, 0, 0, 0, 1",0005,0003,0004,0001,0000,0000,0000,0000,0000,0004,0000,0000,0000,0003,0000,0000,0000,0000,0000,0004,"5, 3, 4, 1, 0, 0, 0, 0, 0, 4, 0, 0, 0, 3, 0, 0, 0, 0, 0, 4",0000,0001,0000,0000,0000,0000,0000,0000,0000,0001,0000,0000,0000,0000,0000,0000,0000,0000,0000,0000,"0, 1, 0, 0, 0, 0, 0, 0, 0, 1, 0, 0, 0, 0, 0, 0, 0, 0, 0, 0",00,01,00,00,00,00,00,00,00,01,00,00,00,00,00,00,00,00,00,00,"FALSE, TRUE, FALSE, FALSE, FALSE, FALSE, FALSE, FALSE, FALSE, TRUE, FALSE, FALSE, FALSE, FALSE, FALSE, FALSE, FALSE, FALSE, FALSE, FALSE",7899A400,2696F400,"Normal Ammo Magazine,Pierce Ammo Magazine,Spread Ammo Magazine,Elemental Boost Magazine","Elemental Boost Magazine,Rapid Fire Mod,Special Ammo Mod",9F0A5000,Adhesive Ammo?,00,FALSE,660A4B80,CABFAFC0,00000000,00000000,0001,0001,0000,0000,Opening Shot,1,Slugger,1
00000017,23,00000001,00000005,5,00000000,00000000,0000000C,12,3D46E3AD-142A-49FF-989E-705C8CCB28E7,Rey Szelatya II,46060E20-F37C-4606-8895-F8D265EC1D07,0000001A,26,00000FA0,"4,000z",0000000E,5,00AA,170,0000,0,0000,0%,00000002,00000001,00000000,"2, 1, 0",E92D7680,Pierce?,FE3E4B10,6977C080,FE3E4B10,FE3E4B10,C063CC00,C063CC00,C063CC00,C063CC00,C063CC00,578C0500,C063CC00,C063CC00,C063CC00,578C0500,C063CC00,C063CC00,C063CC00,C063CC00,C063CC00,FE3E4B10,"1, 3, 1, 1, 0, 0, 0, 0, 0, 2, 0, 0, 0, 2, 0, 0, 0, 0, 0, 1",0005,0003,0004,0001,0000,0000,0000,0000,0000,0004,0000,0000,0000,0003,0000,0000,0000,0000,0000,0004,"5, 3, 4, 1, 0, 0, 0, 0, 0, 4, 0, 0, 0, 3, 0, 0, 0, 0, 0, 4",0000,0001,0000,0000,0000,0000,0000,0000,0000,0001,0000,0000,0000,0000,0000,0000,0000,0000,0000,0000,"0, 1, 0, 0, 0, 0, 0, 0, 0, 1, 0, 0, 0, 0, 0, 0, 0, 0, 0, 0",00,01,00,00,00,00,00,00,00,01,00,00,00,00,00,00,00,00,00,00,"FALSE, TRUE, FALSE, FALSE, FALSE, FALSE, FALSE, FALSE, FALSE, TRUE, FALSE, FALSE, FALSE, FALSE, FALSE, FALSE, FALSE, FALSE, FALSE, FALSE",7899A400,2696F400,"Normal Ammo Magazine,Pierce Ammo Magazine,Spread Ammo Magazine,Elemental Boost Magazine","Elemental Boost Magazine,Rapid Fire Mod,Special Ammo Mod",9F0A5000,Adhesive Ammo?,00,FALSE,660A4B80,CABFAFC0,00000000,00000000,0001,0001,0000,0000,Opening Shot,1,Slugger,1
00000018,24,00000001,00000005,5,00000000,00000000,0000000D,13,9D705A9F-C0B5-4BF2-9A94-597C957A21CE,Rey Szelatya III,70CCC9C1-1D4D-4379-B675-0A7B1D8A0CB3,0000001B,27,000036B0,"14,000z",0000000C,7,00C8,200,0000,0,0000,0%,00000003,00000002,00000000,"3, 2, 0",E92D7680,Pierce?,FE3E4B10,6977C080,FE3E4B10,FE3E4B10,C063CC00,C063CC00,C063CC00,C063CC00,C063CC00,578C0500,C063CC00,C063CC00,C063CC00,578C0500,C063CC00,C063CC00,C063CC00,C063CC00,C063CC00,FE3E4B10,"1, 3, 1, 1, 0, 0, 0, 0, 0, 2, 0, 0, 0, 2, 0, 0, 0, 0, 0, 1",0005,0003,0004,0001,0000,0000,0000,0000,0000,0004,0000,0000,0000,0003,0000,0000,0000,0000,0000,0004,"5, 3, 4, 1, 0, 0, 0, 0, 0, 4, 0, 0, 0, 3, 0, 0, 0, 0, 0, 4",0000,0001,0000,0000,0000,0000,0000,0000,0000,0001,0000,0000,0000,0000,0000,0000,0000,0000,0000,0000,"0, 1, 0, 0, 0, 0, 0, 0, 0, 1, 0, 0, 0, 0, 0, 0, 0, 0, 0, 0",00,01,00,00,00,00,00,00,00,01,00,00,00,00,00,00,00,00,00,00,"FALSE, TRUE, FALSE, FALSE, FALSE, FALSE, FALSE, FALSE, FALSE, TRUE, FALSE, FALSE, FALSE, FALSE, FALSE, FALSE, FALSE, FALSE, FALSE, FALSE",7899A400,2696F400,"Normal Ammo Magazine,Pierce Ammo Magazine,Spread Ammo Magazine,Elemental Boost Magazine","Elemental Boost Magazine,Rapid Fire Mod,Special Ammo Mod",9F0A5000,Adhesive Ammo?,00,FALSE,660A4B80,CABFAFC0,00000000,00000000,0002,0001,0000,0000,Opening Shot,2,Slugger,1
00000019,25,00000001,00000005,5,00000000,00000000,0000000E,14,2DC64339-2F08-41BA-A9D6-14103728399F,Szelatya Clairgun,77FA4F03-EF1E-42A4-BADD-A8082677FBFB,0000001C,28,00004E20,"20,000z",0000000B,8,00DC,220,0000,0,0000,0%,00000003,00000002,00000001,"3, 2, 1",E92D7680,Pierce?,FE3E4B10,6977C080,FE3E4B10,FE3E4B10,C063CC00,C063CC00,C063CC00,C063CC00,C063CC00,578C0500,C063CC00,C063CC00,C063CC00,578C0500,C063CC00,C063CC00,C063CC00,C063CC00,C063CC00,FE3E4B10,"1, 3, 1, 1, 0, 0, 0, 0, 0, 2, 0, 0, 0, 2, 0, 0, 0, 0, 0, 1",0005,0003,0004,0001,0000,0000,0000,0000,0000,0004,0000,0000,0000,0003,0000,0000,0000,0000,0000,0004,"5, 3, 4, 1, 0, 0, 0, 0, 0, 4, 0, 0, 0, 3, 0, 0, 0, 0, 0, 4",0000,0001,0000,0000,0000,0000,0000,0000,0000,0001,0000,0000,0000,0000,0000,0000,0000,0000,0000,0000,"0, 1, 0, 0, 0, 0, 0, 0, 0, 1, 0, 0, 0, 0, 0, 0, 0, 0, 0, 0",00,01,00,00,00,00,00,00,00,01,00,00,00,00,00,00,00,00,00,00,"FALSE, TRUE, FALSE, FALSE, FALSE, FALSE, FALSE, FALSE, FALSE, TRUE, FALSE, FALSE, FALSE, FALSE, FALSE, FALSE, FALSE, FALSE, FALSE, FALSE",7899A400,2696F400,"Normal Ammo Magazine,Pierce Ammo Magazine,Spread Ammo Magazine,Elemental Boost Magazine","Elemental Boost Magazine,Rapid Fire Mod,Special Ammo Mod",9F0A5000,Adhesive Ammo?,01,TRUE,660A4B80,CABFAFC0,00000000,00000000,0002,0001,0000,0000,Opening Shot,2,Slugger,1
00000012,18,00000001,00000003,3,00000000,00000000,00000011,17,FAAF3F11-DF23-468D-B01E-3A46F1E19CF5,Dosha Faithbreaker I,5B730D51-9BBD-4B49-96D0-81554B0FEB06,00000009,9,00000320,800z,00000011,2,008C,140,0014,20,FFFB,-5%,00000000,00000000,00000000,"0, 0, 0",9BE1AC80,Normal?,578C0500,FE3E4B10,FE3E4B10,FE3E4B10,C063CC00,C063CC00,C063CC00,C063CC00,FE3E4B10,C063CC00,C063CC00,C063CC00,C063CC00,C063CC00,C063CC00,C063CC00,C063CC00,C063CC00,C063CC00,FE3E4B10,"2, 1, 1, 1, 0, 0, 0, 0, 1, 0, 0, 0, 0, 0, 0, 0, 0, 0, 0, 1",0002,0004,0005,0001,0000,0000,0000,0000,0006,0000,0000,0000,0000,0000,0000,0000,0000,0000,0000,0004,"2, 4, 5, 1, 0, 0, 0, 0, 6, 0, 0, 0, 0, 0, 0, 0, 0, 0, 0, 4",0001,0001,0000,0000,0000,0000,0000,0000,0000,0000,0000,0000,0000,0000,0000,0000,0000,0000,0000,0000,"1, 1, 0, 0, 0, 0, 0, 0, 0, 0, 0, 0, 0, 0, 0, 0, 0, 0, 0, 0",01,01,00,00,00,00,00,00,00,00,00,00,00,00,00,00,00,00,00,00,"TRUE, TRUE, FALSE, FALSE, FALSE, FALSE, FALSE, FALSE, FALSE, FALSE, FALSE, FALSE, FALSE, FALSE, FALSE, FALSE, FALSE, FALSE, FALSE, FALSE",43635280,8F23FB00,"Normal Ammo Magazine,Pierce Ammo Magazine,Spread Ammo Magazine,Elemental Boost Magazine","Normal Ammo Magazine,Pierce Ammo Magazine,Spread Ammo Magazine,Rapid Fire Magazine,Special Ammo Magazine",6471BD80,Wyvernblast,00,FALSE,660A4B80,00000000,00000000,00000000,0001,0000,0000,0000,Opening Shot,1,,
00000013,19,00000001,00000003,3,00000000,00000000,00000012,18,65A42663-4EED-4AC6-A71B-DBA18523E0DC,Dosha Faithbreaker II,9FA2EA90-1FA5-481C-B7AD-82C61922F72F,0000000A,10,00000A28,"2,600z",0000000F,4,00B4,180,0014,20,FFFB,-5%,00000001,00000000,00000000,"1, 0, 0",9BE1AC80,Normal?,578C0500,FE3E4B10,FE3E4B10,FE3E4B10,C063CC00,C063CC00,C063CC00,C063CC00,FE3E4B10,C063CC00,C063CC00,C063CC00,C063CC00,C063CC00,C063CC00,C063CC00,C063CC00,C063CC00,C063CC00,FE3E4B10,"2, 1, 1, 1, 0, 0, 0, 0, 1, 0, 0, 0, 0, 0, 0, 0, 0, 0, 0, 1",0002,0004,0005,0001,0000,0000,0000,0000,0006,0000,0000,0000,0000,0000,0000,0000,0000,0000,0000,0004,"2, 4, 5, 1, 0, 0, 0, 0, 6, 0, 0, 0, 0, 0, 0, 0, 0, 0, 0, 4",0001,0001,0000,0000,0000,0000,0000,0000,0000,0000,0000,0000,0000,0000,0000,0000,0000,0000,0000,0000,"1, 1, 0, 0, 0, 0, 0, 0, 0, 0, 0, 0, 0, 0, 0, 0, 0, 0, 0, 0",01,01,00,00,00,00,00,00,00,00,00,00,00,00,00,00,00,00,00,00,"TRUE, TRUE, FALSE, FALSE, FALSE, FALSE, FALSE, FALSE, FALSE, FALSE, FALSE, FALSE, FALSE, FALSE, FALSE, FALSE, FALSE, FALSE, FALSE, FALSE",43635280,8F23FB00,"Normal Ammo Magazine,Pierce Ammo Magazine,Spread Ammo Magazine,Elemental Boost Magazine","Normal Ammo Magazine,Pierce Ammo Magazine,Spread Ammo Magazine,Rapid Fire Magazine,Special Ammo Magazine",6471BD80,Wyvernblast,00,FALSE,660A4B80,00000000,00000000,00000000,0002,0000,0000,0000,Opening Shot,2,,
00000014,20,00000001,00000003,3,00000000,00000000,00000013,19,D3D92A9E-1C4A-4104-9A11-D846FD706ED0,Dosha Faithbreaker III,CB6ED80A-3DD6-4925-9D68-5266514AB84C,0000000B,11,00002710,"10,000z",0000000D,6,00D2,210,0014,20,FFFB,-5%,00000002,00000001,00000000,"2, 1, 0",9BE1AC80,Normal?,6977C080,FE3E4B10,FE3E4B10,FE3E4B10,C063CC00,C063CC00,C063CC00,C063CC00,FE3E4B10,C063CC00,C063CC00,C063CC00,C063CC00,C063CC00,C063CC00,C063CC00,C063CC00,C063CC00,C063CC00,FE3E4B10,"3, 1, 1, 1, 0, 0, 0, 0, 1, 0, 0, 0, 0, 0, 0, 0, 0, 0, 0, 1",0002,0004,0005,0001,0000,0000,0000,0000,0006,0000,0000,0000,0000,0000,0000,0000,0000,0000,0000,0004,"2, 4, 5, 1, 0, 0, 0, 0, 6, 0, 0, 0, 0, 0, 0, 0, 0, 0, 0, 4",0001,0001,0000,0000,0000,0000,0000,0000,0000,0000,0000,0000,0000,0000,0000,0000,0000,0000,0000,0000,"1, 1, 0, 0, 0, 0, 0, 0, 0, 0, 0, 0, 0, 0, 0, 0, 0, 0, 0, 0",01,01,00,00,00,00,00,00,00,00,00,00,00,00,00,00,00,00,00,00,"TRUE, TRUE, FALSE, FALSE, FALSE, FALSE, FALSE, FALSE, FALSE, FALSE, FALSE, FALSE, FALSE, FALSE, FALSE, FALSE, FALSE, FALSE, FALSE, FALSE",43635280,8F23FB00,"Normal Ammo Magazine,Pierce Ammo Magazine,Spread Ammo Magazine,Elemental Boost Magazine","Normal Ammo Magazine,Pierce Ammo Magazine,Spread Ammo Magazine,Rapid Fire Magazine,Special Ammo Magazine",6471BD80,Wyvernblast,00,FALSE,660A4B80,00000000,00000000,00000000,0003,0000,0000,0000,Opening Shot,3,,
00000024,36,00000001,000186A2,100002,00000000,00000000,00000014,20,C8F94C33-208A-4A3C-882F-510306DA630F,Dosha Gigasbreaker I,B15424E7-AF93-4DE3-BB74-7047B291F314,00000012,18,00000A28,"2,600z",0000000F,4,00BE,190,0000,0,FFF1,-15%,00000001,00000001,00000000,"1, 1, 0",03831064,Spread?,FE3E4B10,FE3E4B10,578C0500,FE3E4B10,C063CC00,C063CC00,C063CC00,C063CC00,FE3E4B10,C063CC00,C063CC00,C063CC00,C063CC00,C063CC00,C063CC00,C063CC00,C063CC00,C063CC00,FE3E4B10,FE3E4B10,"1, 1, 2, 1, 0, 0, 0, 0, 1, 0, 0, 0, 0, 0, 0, 0, 0, 0, 1, 1",0005,0004,0002,0002,0000,0000,0000,0000,0004,0000,0000,0000,0000,0000,0000,0000,0000,0000,0005,0004,"5, 4, 2, 2, 0, 0, 0, 0, 4, 0, 0, 0, 0, 0, 0, 0, 0, 0, 5, 4",0000,0000,0001,0000,0000,0000,0000,0000,0001,0000,0000,0000,0000,0000,0000,0000,0000,0000,0000,0000,"0, 0, 1, 0, 0, 0, 0, 0, 1, 0, 0, 0, 0, 0, 0, 0, 0, 0, 0, 0",00,00,01,00,00,00,00,00,01,00,00,00,00,00,00,00,00,00,00,00,"FALSE, FALSE, TRUE, FALSE, FALSE, FALSE, FALSE, FALSE, TRUE, FALSE, FALSE, FALSE, FALSE, FALSE, FALSE, FALSE, FALSE, FALSE, FALSE, FALSE",7899A400,8F23FB00,"Normal Ammo Magazine,Pierce Ammo Magazine,Spread Ammo Magazine,Elemental Boost Magazine","Normal Ammo Magazine,Pierce Ammo Magazine,Spread Ammo Magazine,Rapid Fire Magazine,Special Ammo Magazine",9F0A5000,Adhesive Ammo?,00,FALSE,CABFAFC0,00000000,00000000,00000000,0002,0000,0000,0000,Slugger,2,,
00000025,37,00000001,000186A2,100002,00000000,00000000,00000015,21,CE330625-895C-464A-957F-28FF933F5420,Dosha Gigasbreaker II,0172D88F-2CC5-4554-BF4F-48B92641157F,00000013,19,00002710,"10,000z",0000000D,6,00DC,220,0000,0,FFF1,-15%,00000002,00000002,00000000,"2, 2, 0",03831064,Spread?,FE3E4B10,FE3E4B10,6977C080,FE3E4B10,C063CC00,C063CC00,C063CC00,C063CC00,FE3E4B10,C063CC00,C063CC00,C063CC00,C063CC00,C063CC00,C063CC00,C063CC00,C063CC00,C063CC00,FE3E4B10,FE3E4B10,"1, 1, 3, 1, 0, 0, 0, 0, 1, 0, 0, 0, 0, 0, 0, 0, 0, 0, 1, 1",0005,0004,0002,0002,0000,0000,0000,0000,0004,0000,0000,0000,0000,0000,0000,0000,0000,0000,0005,0004,"5, 4, 2, 2, 0, 0, 0, 0, 4, 0, 0, 0, 0, 0, 0, 0, 0, 0, 5, 4",0000,0000,0001,0000,0000,0000,0000,0000,0001,0000,0000,0000,0000,0000,0000,0000,0000,0000,0000,0000,"0, 0, 1, 0, 0, 0, 0, 0, 1, 0, 0, 0, 0, 0, 0, 0, 0, 0, 0, 0",00,00,01,00,00,00,00,00,01,00,00,00,00,00,00,00,00,00,00,00,"FALSE, FALSE, TRUE, FALSE, FALSE, FALSE, FALSE, FALSE, TRUE, FALSE, FALSE, FALSE, FALSE, FALSE, FALSE, FALSE, FALSE, FALSE, FALSE, FALSE",7899A400,8F23FB00,"Normal Ammo Magazine,Pierce Ammo Magazine,Spread Ammo Magazine,Elemental Boost Magazine","Normal Ammo Magazine,Pierce Ammo Magazine,Spread Ammo Magazine,Rapid Fire Magazine,Special Ammo Magazine",9F0A5000,Adhesive Ammo?,00,FALSE,CABFAFC0,00000000,00000000,00000000,0003,0000,0000,0000,Slugger,3,,
00000026,38,00000001,000186A2,100002,00000000,00000000,00000016,22,1D240A3D-EE0F-43A4-A65D-663C9C20DFE8,Gigasbreaker Urbolkule,7636CA8C-76DD-4F87-859C-449BD8C8C902,00000014,20,00004E20,"20,000z",0000000B,8,00FA,250,0000,0,FFF1,-15%,00000003,00000003,00000001,"3, 3, 1",03831064,Spread?,FE3E4B10,FE3E4B10,6977C080,FE3E4B10,C063CC00,C063CC00,C063CC00,C063CC00,FE3E4B10,C063CC00,C063CC00,C063CC00,C063CC00,C063CC00,C063CC00,C063CC00,C063CC00,C063CC00,FE3E4B10,FE3E4B10,"1, 1, 3, 1, 0, 0, 0, 0, 1, 0, 0, 0, 0, 0, 0, 0, 0, 0, 1, 1",0005,0004,0002,0002,0000,0000,0000,0000,0004,0000,0000,0000,0000,0000,0000,0000,0000,0000,0005,0004,"5, 4, 2, 2, 0, 0, 0, 0, 4, 0, 0, 0, 0, 0, 0, 0, 0, 0, 5, 4",0000,0000,0001,0000,0000,0000,0000,0000,0001,0000,0000,0000,0000,0000,0000,0000,0000,0000,0000,0000,"0, 0, 1, 0, 0, 0, 0, 0, 1, 0, 0, 0, 0, 0, 0, 0, 0, 0, 0, 0",00,00,01,00,00,00,00,00,01,00,00,00,00,00,00,00,00,00,00,00,"FALSE, FALSE, TRUE, FALSE, FALSE, FALSE, FALSE, FALSE, TRUE, FALSE, FALSE, FALSE, FALSE, FALSE, FALSE, FALSE, FALSE, FALSE, FALSE, FALSE",7899A400,8F23FB00,"Normal Ammo Magazine,Pierce Ammo Magazine,Spread Ammo Magazine,Elemental Boost Magazine","Normal Ammo Magazine,Pierce Ammo Magazine,Spread Ammo Magazine,Rapid Fire Magazine,Special Ammo Magazine",9F0A5000,Adhesive Ammo?,01,TRUE,CABFAFC0,00000000,00000000,00000000,0003,0000,0000,0000,Slugger,3,,
0000000B,11,00000001,00002710,10000,00000000,00000000,00000017,23,EFCDD746-48EF-4935-8E6F-28EC6A31245C,Chain Blitz I,7F84AE38-6D1E-46DF-B027-606C7C9E7C35,00000015,21,00000320,800z,00000011,2,0078,120,0000,0,0000,0%,00000000,00000000,00000000,"0, 0, 0",E92D7680,Pierce?,FE3E4B10,578C0500,FE3E4B10,C063CC00,C063CC00,C063CC00,C063CC00,C063CC00,C063CC00,C063CC00,FE3E4B10,C063CC00,C063CC00,FE3E4B10,C063CC00,C063CC00,FE3E4B10,C063CC00,C063CC00,FE3E4B10,"1, 2, 1, 0, 0, 0, 0, 0, 0, 0, 1, 0, 0, 1, 0, 0, 1, 0, 0, 1",0004,0004,0003,0000,0000,0000,0000,0000,0000,0000,0005,0000,0000,0002,0000,0000,0001,0000,0000,0004,"4, 4, 3, 0, 0, 0, 0, 0, 0, 0, 5, 0, 0, 2, 0, 0, 1, 0, 0, 4",0001,0001,0000,0000,0000,0000,0000,0000,0000,0000,0000,0000,0000,0000,0000,0000,0000,0000,0000,0000,"1, 1, 0, 0, 0, 0, 0, 0, 0, 0, 0, 0, 0, 0, 0, 0, 0, 0, 0, 0",01,01,00,00,00,00,00,00,00,00,00,00,00,00,00,00,00,00,00,00,"TRUE, TRUE, FALSE, FALSE, FALSE, FALSE, FALSE, FALSE, FALSE, FALSE, FALSE, FALSE, FALSE, FALSE, FALSE, FALSE, FALSE, FALSE, FALSE, FALSE",1A679900,A444FC80,"Normal Ammo Magazine,Pierce Ammo Magazine,Spread Ammo Magazine,Elemental Boost Magazine","Normal Ammo Magazine,Pierce Ammo Magazine,Spread Ammo Magazine,Rapid Fire Magazine,Special Ammo Magazine",6471BD80,Wyvernblast,00,FALSE,60268F80,00000000,00000000,00000000,0001,0000,0000,0000,Tetrad Shot,1,,
0000000C,12,00000001,00002710,10000,00000000,00000000,00000018,24,F99C1EE9-B114-4D84-9CC8-C53903297AFE,Chain Blitz II,A1F0CDE4-CBDB-4471-BCBA-F12F6DA2A2D4,00000016,22,00000A28,"2,600z",0000000F,4,00A0,160,0000,0,0000,0%,00000001,00000000,00000000,"1, 0, 0",E92D7680,Pierce?,FE3E4B10,578C0500,FE3E4B10,C063CC00,C063CC00,C063CC00,C063CC00,C063CC00,C063CC00,C063CC00,FE3E4B10,C063CC00,C063CC00,FE3E4B10,C063CC00,C063CC00,FE3E4B10,C063CC00,C063CC00,FE3E4B10,"1, 2, 1, 0, 0, 0, 0, 0, 0, 0, 1, 0, 0, 1, 0, 0, 1, 0, 0, 1",0004,0004,0003,0000,0000,0000,0000,0000,0000,0000,0005,0000,0000,0002,0000,0000,0001,0000,0000,0004,"4, 4, 3, 0, 0, 0, 0, 0, 0, 0, 5, 0, 0, 2, 0, 0, 1, 0, 0, 4",0001,0001,0000,0000,0000,0000,0000,0000,0000,0000,0000,0000,0000,0000,0000,0000,0000,0000,0000,0000,"1, 1, 0, 0, 0, 0, 0, 0, 0, 0, 0, 0, 0, 0, 0, 0, 0, 0, 0, 0",01,01,00,00,00,00,00,00,00,00,00,00,00,00,00,00,00,00,00,00,"TRUE, TRUE, FALSE, FALSE, FALSE, FALSE, FALSE, FALSE, FALSE, FALSE, FALSE, FALSE, FALSE, FALSE, FALSE, FALSE, FALSE, FALSE, FALSE, FALSE",1A679900,A444FC80,"Normal Ammo Magazine,Pierce Ammo Magazine,Spread Ammo Magazine,Elemental Boost Magazine","Normal Ammo Magazine,Pierce Ammo Magazine,Spread Ammo Magazine,Rapid Fire Magazine,Special Ammo Magazine",6471BD80,Wyvernblast,00,FALSE,60268F80,00000000,00000000,00000000,0002,0000,0000,0000,Tetrad Shot,2,,
0000000D,13,00000001,00002710,10000,00000000,00000000,00000019,25,41F49ED2-4D51-4100-943A-AE86A00C3864,Chain Blitz III,8F4E5A09-0431-43D8-AA4B-C1F644F54CF4,00000017,23,00002710,"10,000z",0000000D,6,00BE,190,0000,0,0000,0%,00000002,00000001,00000000,"2, 1, 0",E92D7680,Pierce?,FE3E4B10,578C0500,FE3E4B10,C063CC00,C063CC00,C063CC00,C063CC00,C063CC00,C063CC00,C063CC00,FE3E4B10,C063CC00,C063CC00,FE3E4B10,C063CC00,C063CC00,FE3E4B10,C063CC00,C063CC00,FE3E4B10,"1, 2, 1, 0, 0, 0, 0, 0, 0, 0, 1, 0, 0, 1, 0, 0, 1, 0, 0, 1",0004,0004,0003,0000,0000,0000,0000,0000,0000,0000,0005,0000,0000,0002,0000,0000,0001,0000,0000,0004,"4, 4, 3, 0, 0, 0, 0, 0, 0, 0, 5, 0, 0, 2, 0, 0, 1, 0, 0, 4",0001,0001,0000,0000,0000,0000,0000,0000,0000,0000,0000,0000,0000,0000,0000,0000,0000,0000,0000,0000,"1, 1, 0, 0, 0, 0, 0, 0, 0, 0, 0, 0, 0, 0, 0, 0, 0, 0, 0, 0",01,01,00,00,00,00,00,00,00,00,00,00,00,00,00,00,00,00,00,00,"TRUE, TRUE, FALSE, FALSE, FALSE, FALSE, FALSE, FALSE, FALSE, FALSE, FALSE, FALSE, FALSE, FALSE, FALSE, FALSE, FALSE, FALSE, FALSE, FALSE",1A679900,A444FC80,"Normal Ammo Magazine,Pierce Ammo Magazine,Spread Ammo Magazine,Elemental Boost Magazine","Normal Ammo Magazine,Pierce Ammo Magazine,Spread Ammo Magazine,Rapid Fire Magazine,Special Ammo Magazine",6471BD80,Wyvernblast,00,FALSE,60268F80,00000000,00000000,00000000,0002,0000,0000,0000,Tetrad Shot,2,,
0000000E,14,00000001,00002710,10000,00000000,00000000,0000001A,26,D105BE78-E287-4D7F-BD4D-16330024117C,High Chain Blitz,163A749F-5D96-4FFF-BDBE-CF91647767F8,00000018,24,00004E20,"20,000z",0000000B,8,00DC,220,0000,0,0000,0%,00000003,00000002,00000001,"3, 2, 1",E92D7680,Pierce?,FE3E4B10,578C0500,FE3E4B10,C063CC00,C063CC00,C063CC00,C063CC00,C063CC00,C063CC00,C063CC00,FE3E4B10,C063CC00,C063CC00,FE3E4B10,C063CC00,C063CC00,FE3E4B10,C063CC00,C063CC00,FE3E4B10,"1, 2, 1, 0, 0, 0, 0, 0, 0, 0, 1, 0, 0, 1, 0, 0, 1, 0, 0, 1",0004,0004,0003,0000,0000,0000,0000,0000,0000,0000,0005,0000,0000,0002,0000,0000,0001,0000,0000,0004,"4, 4, 3, 0, 0, 0, 0, 0, 0, 0, 5, 0, 0, 2, 0, 0, 1, 0, 0, 4",0001,0001,0000,0000,0000,0000,0000,0000,0000,0000,0000,0000,0000,0000,0000,0000,0000,0000,0000,0000,"1, 1, 0, 0, 0, 0, 0, 0, 0, 0, 0, 0, 0, 0, 0, 0, 0, 0, 0, 0",01,01,00,00,00,00,00,00,00,00,00,00,00,00,00,00,00,00,00,00,"TRUE, TRUE, FALSE, FALSE, FALSE, FALSE, FALSE, FALSE, FALSE, FALSE, FALSE, FALSE, FALSE, FALSE, FALSE, FALSE, FALSE, FALSE, FALSE, FALSE",1A679900,A444FC80,"Normal Ammo Magazine,Pierce Ammo Magazine,Spread Ammo Magazine,Elemental Boost Magazine","Normal Ammo Magazine,Pierce Ammo Magazine,Spread Ammo Magazine,Rapid Fire Magazine,Special Ammo Magazine",6471BD80,Wyvernblast,01,TRUE,60268F80,00000000,00000000,00000000,0003,0000,0000,0000,Tetrad Shot,3,,
0000003A,58,00000001,00000010,16,00000000,00000000,0000001B,27,AAB3BDF4-067C-4E7B-9C0E-14DF62AE4664,Titan Launcher I,1A6AD274-F291-4331-B062-30CFF54D6EFF,00000040,64,00002710,"10,000z",0000000D,6,00D2,210,001E,30,FFF1,-15%,00000002,00000002,00000000,"2, 2, 0",9BE1AC80,Normal?,6977C080,FE3E4B10,FE3E4B10,578C0500,C063CC00,C063CC00,C063CC00,578C0500,C063CC00,C063CC00,C063CC00,C063CC00,FE3E4B10,C063CC00,578C0500,C063CC00,FE3E4B10,C063CC00,C063CC00,FE3E4B10,"3, 1, 1, 2, 0, 0, 0, 2, 0, 0, 0, 0, 1, 0, 2, 0, 1, 0, 0, 1",0002,0004,0001,0002,0000,0000,0000,0005,0000,0000,0000,0000,0004,0000,0002,0000,0002,0000,0000,0004,"2, 4, 1, 2, 0, 0, 0, 5, 0, 0, 0, 0, 4, 0, 2, 0, 2, 0, 0, 4",0001,0000,0000,0000,0000,0000,0000,0000,0000,0000,0000,0000,0000,0000,0001,0000,0000,0000,0000,0000,"1, 0, 0, 0, 0, 0, 0, 0, 0, 0, 0, 0, 0, 0, 1, 0, 0, 0, 0, 0",01,00,00,00,00,00,00,00,00,00,00,00,00,00,01,00,00,00,00,00,"TRUE, FALSE, FALSE, FALSE, FALSE, FALSE, FALSE, FALSE, FALSE, FALSE, FALSE, FALSE, FALSE, FALSE, TRUE, FALSE, FALSE, FALSE, FALSE, FALSE",43635280,8F23FB00,"Normal Ammo Magazine,Pierce Ammo Magazine,Spread Ammo Magazine,Elemental Boost Magazine","Normal Ammo Magazine,Pierce Ammo Magazine,Spread Ammo Magazine,Rapid Fire Magazine,Special Ammo Magazine",9F0A5000,Adhesive Ammo?,00,FALSE,F66E0360,00000000,00000000,00000000,0002,0000,0000,0000,Special Ammo Boost,2,,
0000003B,59,00000001,00000010,16,00000000,00000000,0000001C,28,F439C5AD-943C-4DE5-9824-E4975D7EC4E9,Titan Panzer,CEF90B5C-783C-4B99-835F-58E1FB447962,00000041,65,00004E20,"20,000z",0000000B,8,00F0,240,001E,30,FFF1,-15%,00000003,00000003,00000001,"3, 3, 1",9BE1AC80,Normal?,6977C080,FE3E4B10,FE3E4B10,578C0500,C063CC00,C063CC00,C063CC00,578C0500,C063CC00,C063CC00,C063CC00,C063CC00,FE3E4B10,C063CC00,578C0500,C063CC00,FE3E4B10,C063CC00,C063CC00,FE3E4B10,"3, 1, 1, 2, 0, 0, 0, 2, 0, 0, 0, 0, 1, 0, 2, 0, 1, 0, 0, 1",0002,0004,0001,0002,0000,0000,0000,0005,0000,0000,0000,0000,0004,0000,0002,0000,0002,0000,0000,0004,"2, 4, 1, 2, 0, 0, 0, 5, 0, 0, 0, 0, 4, 0, 2, 0, 2, 0, 0, 4",0001,0000,0000,0000,0000,0000,0000,0000,0000,0000,0000,0000,0000,0000,0001,0000,0000,0000,0000,0000,"1, 0, 0, 0, 0, 0, 0, 0, 0, 0, 0, 0, 0, 0, 1, 0, 0, 0, 0, 0",01,00,00,00,00,00,00,00,00,00,00,00,00,00,01,00,00,00,00,00,"TRUE, FALSE, FALSE, FALSE, FALSE, FALSE, FALSE, FALSE, FALSE, FALSE, FALSE, FALSE, FALSE, FALSE, TRUE, FALSE, FALSE, FALSE, FALSE, FALSE",43635280,8F23FB00,"Normal Ammo Magazine,Pierce Ammo Magazine,Spread Ammo Magazine,Elemental Boost Magazine","Normal Ammo Magazine,Pierce Ammo Magazine,Spread Ammo Magazine,Rapid Fire Magazine,Special Ammo Magazine",9F0A5000,Adhesive Ammo?,01,TRUE,F66E0360,00000000,00000000,00000000,0002,0000,0000,0000,Special Ammo Boost,2,,
00000027,39,00000001,000186A0,100000,00000000,00000000,0000001D,29,12BE1450-87EB-4580-8EB0-A67401535C58,G. Rathling Gun I,6E104F98-ED5D-4094-9F3C-87ADAC85D540,00000006,6,00000A28,"2,600z",0000000F,4,00A0,160,0000,0,000F,15%,00000001,00000000,00000000,"1, 0, 0",03831064,Spread?,FE3E4B10,FE3E4B10,578C0500,C063CC00,C063CC00,C063CC00,C063CC00,FE3E4B10,C063CC00,C063CC00,C063CC00,C063CC00,578C0500,C063CC00,C063CC00,C063CC00,FE3E4B10,FE3E4B10,C063CC00,FE3E4B10,"1, 1, 2, 0, 0, 0, 0, 1, 0, 0, 0, 0, 2, 0, 0, 0, 1, 1, 0, 1",0004,0004,0002,0000,0000,0000,0000,0005,0000,0000,0000,0000,0003,0000,0000,0000,0002,0002,0000,0004,"4, 4, 2, 0, 0, 0, 0, 5, 0, 0, 0, 0, 3, 0, 0, 0, 2, 2, 0, 4",0000,0000,0001,0000,0000,0000,0000,0001,0000,0000,0000,0000,0000,0000,0000,0000,0000,0000,0000,0000,"0, 0, 1, 0, 0, 0, 0, 1, 0, 0, 0, 0, 0, 0, 0, 0, 0, 0, 0, 0",00,00,01,00,00,00,00,01,00,00,00,00,00,00,00,00,00,00,00,00,"FALSE, FALSE, TRUE, FALSE, FALSE, FALSE, FALSE, TRUE, FALSE, FALSE, FALSE, FALSE, FALSE, FALSE, FALSE, FALSE, FALSE, FALSE, FALSE, FALSE",2EC1A640,2696F400,"Normal Ammo Powder,Pierce Ammo Powder,Spread Ammo Powder,Elemental Ammo Powder","Elemental Boost Magazine,Rapid Fire Mod,Special Ammo Mod",6471BD80,Wyvernblast,00,FALSE,12B121E0,E6EE04A0,00000000,00000000,0001,0001,0000,0000,Critical Element,1,Ballistics,1
00000028,40,00000001,000186A0,100000,00000000,00000000,0000001E,30,54051C48-9E84-4509-9639-7C3165F941D6,G. Rathling Gun II,221604C2-A5A6-45EC-BD3B-EBD03DF76CDD,00000007,7,00002710,"10,000z",0000000D,6,00B4,180,0000,0,000F,15%,00000002,00000001,00000000,"2, 1, 0",03831064,Spread?,FE3E4B10,FE3E4B10,578C0500,C063CC00,C063CC00,C063CC00,C063CC00,FE3E4B10,C063CC00,C063CC00,C063CC00,C063CC00,578C0500,C063CC00,C063CC00,C063CC00,FE3E4B10,FE3E4B10,C063CC00,FE3E4B10,"1, 1, 2, 0, 0, 0, 0, 1, 0, 0, 0, 0, 2, 0, 0, 0, 1, 1, 0, 1",0004,0004,0002,0000,0000,0000,0000,0005,0000,0000,0000,0000,0003,0000,0000,0000,0002,0002,0000,0004,"4, 4, 2, 0, 0, 0, 0, 5, 0, 0, 0, 0, 3, 0, 0, 0, 2, 2, 0, 4",0000,0000,0001,0000,0000,0000,0000,0001,0000,0000,0000,0000,0000,0000,0000,0000,0000,0000,0000,0000,"0, 0, 1, 0, 0, 0, 0, 1, 0, 0, 0, 0, 0, 0, 0, 0, 0, 0, 0, 0",00,00,01,00,00,00,00,01,00,00,00,00,00,00,00,00,00,00,00,00,"FALSE, FALSE, TRUE, FALSE, FALSE, FALSE, FALSE, TRUE, FALSE, FALSE, FALSE, FALSE, FALSE, FALSE, FALSE, FALSE, FALSE, FALSE, FALSE, FALSE",2EC1A640,2696F400,"Normal Ammo Powder,Pierce Ammo Powder,Spread Ammo Powder,Elemental Ammo Powder","Elemental Boost Magazine,Rapid Fire Mod,Special Ammo Mod",6471BD80,Wyvernblast,00,FALSE,12B121E0,E6EE04A0,00000000,00000000,0002,0001,0000,0000,Critical Element,2,Ballistics,1
00000029,41,00000001,000186A0,100000,00000000,00000000,0000001F,31,860A9D29-59B3-43FA-8244-993B94F46CF6,White Rathling Phoenix,3E5A4A17-DB41-4DA6-87D2-286D2C852DE0,00000008,8,00004E20,"20,000z",0000000B,8,00D2,210,0000,0,000F,15%,00000003,00000002,00000001,"3, 2, 1",03831064,Spread?,FE3E4B10,FE3E4B10,578C0500,C063CC00,C063CC00,C063CC00,C063CC00,FE3E4B10,C063CC00,C063CC00,C063CC00,C063CC00,578C0500,C063CC00,C063CC00,C063CC00,FE3E4B10,FE3E4B10,C063CC00,FE3E4B10,"1, 1, 2, 0, 0, 0, 0, 1, 0, 0, 0, 0, 2, 0, 0, 0, 1, 1, 0, 1",0004,0004,0002,0000,0000,0000,0000,0005,0000,0000,0000,0000,0003,0000,0000,0000,0002,0002,0000,0004,"4, 4, 2, 0, 0, 0, 0, 5, 0, 0, 0, 0, 3, 0, 0, 0, 2, 2, 0, 4",0000,0000,0001,0000,0000,0000,0000,0001,0000,0000,0000,0000,0000,0000,0000,0000,0000,0000,0000,0000,"0, 0, 1, 0, 0, 0, 0, 1, 0, 0, 0, 0, 0, 0, 0, 0, 0, 0, 0, 0",00,00,01,00,00,00,00,01,00,00,00,00,00,00,00,00,00,00,00,00,"FALSE, FALSE, TRUE, FALSE, FALSE, FALSE, FALSE, TRUE, FALSE, FALSE, FALSE, FALSE, FALSE, FALSE, FALSE, FALSE, FALSE, FALSE, FALSE, FALSE",2EC1A640,2696F400,"Normal Ammo Powder,Pierce Ammo Powder,Spread Ammo Powder,Elemental Ammo Powder","Elemental Boost Magazine,Rapid Fire Mod,Special Ammo Mod",6471BD80,Wyvernblast,01,TRUE,12B121E0,E6EE04A0,00000000,00000000,0002,0001,0000,0000,Critical Element,2,Ballistics,1
0000003C,60,00000001,00000007,7,00000000,00000000,00000020,32,7BE1DB6C-B1C9-48B0-B18D-64216150B1A0,Rathling Gun I,15205E6F-D6F9-4374-B3DE-1E08B4A2BB2D,0000003A,58,00002710,"10,000z",0000000D,6,00B4,180,0000,0,000A,10%,00000002,00000001,00000000,"2, 1, 0",E92D7680,Pierce?,FE3E4B10,FE3E4B10,FE3E4B10,FE3E4B10,C063CC00,C063CC00,C063CC00,FE3E4B10,C063CC00,C063CC00,C063CC00,C063CC00,578C0500,C063CC00,C063CC00,C063CC00,C063CC00,C063CC00,C063CC00,FE3E4B10,"1, 1, 1, 1, 0, 0, 0, 1, 0, 0, 0, 0, 2, 0, 0, 0, 0, 0, 0, 1",0004,0005,0003,0002,0000,0000,0000,0005,0000,0000,0000,0000,0003,0000,0000,0000,0000,0000,0000,0004,"4, 5, 3, 2, 0, 0, 0, 5, 0, 0, 0, 0, 3, 0, 0, 0, 0, 0, 0, 4",0000,0001,0000,0000,0000,0000,0000,0001,0000,0000,0000,0000,0001,0000,0000,0000,0000,0000,0000,0000,"0, 1, 0, 0, 0, 0, 0, 1, 0, 0, 0, 0, 1, 0, 0, 0, 0, 0, 0, 0",00,01,00,00,00,00,00,01,00,00,00,00,01,00,00,00,00,00,00,00,"FALSE, TRUE, FALSE, FALSE, FALSE, FALSE, FALSE, TRUE, FALSE, FALSE, FALSE, FALSE, TRUE, FALSE, FALSE, FALSE, FALSE, FALSE, FALSE, FALSE",C5C90F80,E3AC8780,"Normal Ammo Powder,Pierce Ammo Powder,Spread Ammo Powder,Elemental Ammo Powder","Normal Ammo Magazine,Pierce Ammo Magazine,Spread Ammo Magazine,Rapid Fire Magazine,Special Ammo Magazine",9F0A5000,Adhesive Ammo?,00,FALSE,A02B7A00,00000000,00000000,00000000,0003,0000,0000,0000,Critical Boost,3,,
0000003D,61,00000001,00000007,7,00000000,00000000,00000021,33,CC86ABD1-7495-4086-87DE-1B0C514B2A4A,Rathling Phoenix,1C2DEFEE-EEEF-4C1D-8AE5-23C66E984810,0000003B,59,00004E20,"20,000z",0000000B,8,00C8,200,0000,0,000A,10%,00000003,00000002,00000001,"3, 2, 1",E92D7680,Pierce?,FE3E4B10,FE3E4B10,FE3E4B10,FE3E4B10,C063CC00,C063CC00,C063CC00,FE3E4B10,C063CC00,C063CC00,C063CC00,C063CC00,578C0500,C063CC00,C063CC00,C063CC00,C063CC00,C063CC00,C063CC00,FE3E4B10,"1, 1, 1, 1, 0, 0, 0, 1, 0, 0, 0, 0, 2, 0, 0, 0, 0, 0, 0, 1",0004,0005,0003,0002,0000,0000,0000,0005,0000,0000,0000,0000,0003,0000,0000,0000,0000,0000,0000,0004,"4, 5, 3, 2, 0, 0, 0, 5, 0, 0, 0, 0, 3, 0, 0, 0, 0, 0, 0, 4",0000,0001,0000,0000,0000,0000,0000,0001,0000,0000,0000,0000,0001,0000,0000,0000,0000,0000,0000,0000,"0, 1, 0, 0, 0, 0, 0, 1, 0, 0, 0, 0, 1, 0, 0, 0, 0, 0, 0, 0",00,01,00,00,00,00,00,01,00,00,00,00,01,00,00,00,00,00,00,00,"FALSE, TRUE, FALSE, FALSE, FALSE, FALSE, FALSE, TRUE, FALSE, FALSE, FALSE, FALSE, TRUE, FALSE, FALSE, FALSE, FALSE, FALSE, FALSE, FALSE",C5C90F80,E3AC8780,"Normal Ammo Powder,Pierce Ammo Powder,Spread Ammo Powder,Elemental Ammo Powder","Normal Ammo Magazine,Pierce Ammo Magazine,Spread Ammo Magazine,Rapid Fire Magazine,Special Ammo Magazine",9F0A5000,Adhesive Ammo?,01,TRUE,A02B7A00,00000000,00000000,00000000,0003,0000,0000,0000,Critical Boost,3,,
0000000F,15,00000001,00000002,2,00000000,00000000,00000022,34,0917E766-7781-46F1-BC4E-68706063607D,Assault Conga I,0A0E2161-4016-4CA0-AAF8-4D78A5E5CC7A,00000028,40,00000320,800z,00000011,2,0078,120,0000,0,0005,5%,00000000,00000000,00000000,"0, 0, 0",E92D7680,Pierce?,FE3E4B10,FE3E4B10,FE3E4B10,C063CC00,C063CC00,C063CC00,C063CC00,FE3E4B10,C063CC00,C063CC00,C063CC00,C063CC00,C063CC00,578C0500,C063CC00,C063CC00,C063CC00,FE3E4B10,C063CC00,FE3E4B10,"1, 1, 1, 0, 0, 0, 0, 1, 0, 0, 0, 0, 0, 2, 0, 0, 0, 1, 0, 1",0004,0005,0003,0000,0000,0000,0000,0006,0000,0000,0000,0000,0000,0003,0000,0000,0000,0002,0000,0004,"4, 5, 3, 0, 0, 0, 0, 6, 0, 0, 0, 0, 0, 3, 0, 0, 0, 2, 0, 4",0000,0001,0000,0000,0000,0000,0000,0000,0000,0000,0000,0000,0000,0001,0000,0000,0000,0000,0000,0000,"0, 1, 0, 0, 0, 0, 0, 0, 0, 0, 0, 0, 0, 1, 0, 0, 0, 0, 0, 0",00,01,00,00,00,00,00,00,00,00,00,00,00,01,00,00,00,00,00,00,"FALSE, TRUE, FALSE, FALSE, FALSE, FALSE, FALSE, FALSE, FALSE, FALSE, FALSE, FALSE, FALSE, TRUE, FALSE, FALSE, FALSE, FALSE, FALSE, FALSE",C5C90F80,8AB32B00,"Normal Ammo Powder,Pierce Ammo Powder,Spread Ammo Powder,Elemental Ammo Powder","Elemental Boost Magazine,Rapid Fire Mod,Special Ammo Mod",9F0A5000,Adhesive Ammo?,00,FALSE,F66E0360,00000000,00000000,00000000,0001,0000,0000,0000,Special Ammo Boost,1,,
00000010,16,00000001,00000002,2,00000000,00000000,00000023,35,427730B8-4A9B-496C-8987-DADF636D2E1E,Assault Conga II,23683592-AA01-430A-A89C-7E055B89D36F,00000029,41,00000FA0,"4,000z",0000000E,5,00AA,170,0000,0,0005,5%,00000002,00000001,00000001,"2, 1, 1",E92D7680,Pierce?,FE3E4B10,FE3E4B10,FE3E4B10,C063CC00,C063CC00,C063CC00,C063CC00,FE3E4B10,C063CC00,C063CC00,C063CC00,C063CC00,C063CC00,578C0500,C063CC00,C063CC00,C063CC00,FE3E4B10,C063CC00,FE3E4B10,"1, 1, 1, 0, 0, 0, 0, 1, 0, 0, 0, 0, 0, 2, 0, 0, 0, 1, 0, 1",0004,0005,0003,0000,0000,0000,0000,0006,0000,0000,0000,0000,0000,0003,0000,0000,0000,0002,0000,0004,"4, 5, 3, 0, 0, 0, 0, 6, 0, 0, 0, 0, 0, 3, 0, 0, 0, 2, 0, 4",0000,0001,0000,0000,0000,0000,0000,0000,0000,0000,0000,0000,0000,0001,0000,0000,0000,0000,0000,0000,"0, 1, 0, 0, 0, 0, 0, 0, 0, 0, 0, 0, 0, 1, 0, 0, 0, 0, 0, 0",00,01,00,00,00,00,00,00,00,00,00,00,00,01,00,00,00,00,00,00,"FALSE, TRUE, FALSE, FALSE, FALSE, FALSE, FALSE, FALSE, FALSE, FALSE, FALSE, FALSE, FALSE, TRUE, FALSE, FALSE, FALSE, FALSE, FALSE, FALSE",C5C90F80,8AB32B00,"Normal Ammo Powder,Pierce Ammo Powder,Spread Ammo Powder,Elemental Ammo Powder","Elemental Boost Magazine,Rapid Fire Mod,Special Ammo Mod",9F0A5000,Adhesive Ammo?,00,FALSE,F66E0360,660A4B80,00000000,00000000,0001,0001,0000,0000,Special Ammo Boost,1,Opening Shot,1
00000011,17,00000001,00000002,2,00000000,00000000,00000024,36,BF8BAEFC-53AC-41D5-AB0F-DC6F8EFC23F6,Combat Conga,128D57C0-DDF8-4358-AA28-976BC9EC6B56,0000002A,42,00004E20,"20,000z",0000000B,8,00DC,220,0000,0,0005,5%,00000003,00000003,00000001,"3, 3, 1",E92D7680,Pierce?,FE3E4B10,FE3E4B10,FE3E4B10,C063CC00,C063CC00,C063CC00,C063CC00,FE3E4B10,C063CC00,C063CC00,C063CC00,C063CC00,C063CC00,578C0500,C063CC00,C063CC00,C063CC00,FE3E4B10,C063CC00,FE3E4B10,"1, 1, 1, 0, 0, 0, 0, 1, 0, 0, 0, 0, 0, 2, 0, 0, 0, 1, 0, 1",0004,0005,0003,0000,0000,0000,0000,0006,0000,0000,0000,0000,0000,0003,0000,0000,0000,0002,0000,0004,"4, 5, 3, 0, 0, 0, 0, 6, 0, 0, 0, 0, 0, 3, 0, 0, 0, 2, 0, 4",0000,0001,0000,0000,0000,0000,0000,0000,0000,0000,0000,0000,0000,0001,0000,0000,0000,0000,0000,0000,"0, 1, 0, 0, 0, 0, 0, 0, 0, 0, 0, 0, 0, 1, 0, 0, 0, 0, 0, 0",00,01,00,00,00,00,00,00,00,00,00,00,00,01,00,00,00,00,00,00,"FALSE, TRUE, FALSE, FALSE, FALSE, FALSE, FALSE, FALSE, FALSE, FALSE, FALSE, FALSE, FALSE, TRUE, FALSE, FALSE, FALSE, FALSE, FALSE, FALSE",C5C90F80,8AB32B00,"Normal Ammo Powder,Pierce Ammo Powder,Spread Ammo Powder,Elemental Ammo Powder","Elemental Boost Magazine,Rapid Fire Mod,Special Ammo Mod",9F0A5000,Adhesive Ammo?,01,TRUE,F66E0360,660A4B80,00000000,00000000,0002,0001,0000,0000,Special Ammo Boost,2,Opening Shot,1
00000038,56,00000001,00000011,17,00000000,00000000,00000025,37,BB54FB43-ECE1-4116-8B8E-8187F9E9F8C2,Tail String I,73747444-D35F-4375-9938-599A11813977,0000003E,62,00002710,"10,000z",0000000D,6,00C8,200,0000,0,FFF6,-10%,00000002,00000001,00000000,"2, 1, 0",03831064,Spread?,FE3E4B10,FE3E4B10,578C0500,C063CC00,C063CC00,C063CC00,C063CC00,C063CC00,C063CC00,C063CC00,578C0500,C063CC00,C063CC00,C063CC00,FE3E4B10,C063CC00,C063CC00,C063CC00,C063CC00,FE3E4B10,"1, 1, 2, 0, 0, 0, 0, 0, 0, 0, 2, 0, 0, 0, 1, 0, 0, 0, 0, 1",0005,0005,0004,0000,0000,0000,0000,0000,0000,0000,0004,0000,0000,0000,0002,0000,0000,0000,0000,0004,"5, 5, 4, 0, 0, 0, 0, 0, 0, 0, 4, 0, 0, 0, 2, 0, 0, 0, 0, 4",0000,0000,0001,0000,0000,0000,0000,0000,0000,0000,0001,0000,0000,0000,0000,0000,0000,0000,0000,0000,"0, 0, 1, 0, 0, 0, 0, 0, 0, 0, 1, 0, 0, 0, 0, 0, 0, 0, 0, 0",00,00,01,00,00,00,00,00,00,00,01,00,00,00,00,00,00,00,00,00,"FALSE, FALSE, TRUE, FALSE, FALSE, FALSE, FALSE, FALSE, FALSE, FALSE, TRUE, FALSE, FALSE, FALSE, FALSE, FALSE, FALSE, FALSE, FALSE, FALSE",7899A400,8F23FB00,"Normal Ammo Magazine,Pierce Ammo Magazine,Spread Ammo Magazine,Elemental Boost Magazine","Normal Ammo Magazine,Pierce Ammo Magazine,Spread Ammo Magazine,Rapid Fire Magazine,Special Ammo Magazine",6471BD80,Wyvernblast,00,FALSE,660A4B80,00000000,00000000,00000000,0003,0000,0000,0000,Opening Shot,3,,
00000039,57,00000001,00000011,17,00000000,00000000,00000026,38,227DF458-6C1A-4AB4-8CD3-C088226A70B1,Tail Catapult,433DBC14-DBA1-4C13-AD05-3B2794D6B016,0000003F,63,00004E20,"20,000z",0000000B,8,00E6,230,0000,0,FFF6,-10%,00000003,00000002,00000001,"3, 2, 1",03831064,Spread?,FE3E4B10,FE3E4B10,578C0500,C063CC00,C063CC00,C063CC00,C063CC00,C063CC00,C063CC00,C063CC00,578C0500,C063CC00,C063CC00,C063CC00,FE3E4B10,C063CC00,C063CC00,C063CC00,C063CC00,FE3E4B10,"1, 1, 2, 0, 0, 0, 0, 0, 0, 0, 2, 0, 0, 0, 1, 0, 0, 0, 0, 1",0005,0005,0004,0000,0000,0000,0000,0000,0000,0000,0004,0000,0000,0000,0002,0000,0000,0000,0000,0004,"5, 5, 4, 0, 0, 0, 0, 0, 0, 0, 4, 0, 0, 0, 2, 0, 0, 0, 0, 4",0000,0000,0001,0000,0000,0000,0000,0000,0000,0000,0001,0000,0000,0000,0000,0000,0000,0000,0000,0000,"0, 0, 1, 0, 0, 0, 0, 0, 0, 0, 1, 0, 0, 0, 0, 0, 0, 0, 0, 0",00,00,01,00,00,00,00,00,00,00,01,00,00,00,00,00,00,00,00,00,"FALSE, FALSE, TRUE, FALSE, FALSE, FALSE, FALSE, FALSE, FALSE, FALSE, TRUE, FALSE, FALSE, FALSE, FALSE, FALSE, FALSE, FALSE, FALSE, FALSE",7899A400,8F23FB00,"Normal Ammo Magazine,Pierce Ammo Magazine,Spread Ammo Magazine,Elemental Boost Magazine","Normal Ammo Magazine,Pierce Ammo Magazine,Spread Ammo Magazine,Rapid Fire Magazine,Special Ammo Magazine",6471BD80,Wyvernblast,01,TRUE,660A4B80,00000000,00000000,00000000,0003,0000,0000,0000,Opening Shot,3,,
00000033,51,00000001,00000006,6,00000000,00000000,00000027,39,73BAC24F-704F-45DE-90F2-2FF23926FDD2,Valkyrie Fire I,10790B89-4B3C-4A58-830C-8114C854F886,00000037,55,00001388,"5,000z",0000000E,5,00A0,160,0000,0,000F,15%,00000002,00000001,00000000,"2, 1, 0",E92D7680,Pierce?,FE3E4B10,578C0500,FE3E4B10,FE3E4B10,C063CC00,C063CC00,C063CC00,FE3E4B10,C063CC00,C063CC00,C063CC00,C063CC00,578C0500,C063CC00,C063CC00,C063CC00,C063CC00,C063CC00,C063CC00,FE3E4B10,"1, 2, 1, 1, 0, 0, 0, 1, 0, 0, 0, 0, 2, 0, 0, 0, 0, 0, 0, 1",0003,0003,0004,0001,0000,0000,0000,0005,0000,0000,0000,0000,0004,0000,0000,0000,0000,0000,0000,0004,"3, 3, 4, 1, 0, 0, 0, 5, 0, 0, 0, 0, 4, 0, 0, 0, 0, 0, 0, 4",0000,0001,0000,0000,0000,0000,0000,0000,0000,0000,0000,0000,0001,0000,0000,0000,0000,0000,0000,0000,"0, 1, 0, 0, 0, 0, 0, 0, 0, 0, 0, 0, 1, 0, 0, 0, 0, 0, 0, 0",00,01,00,00,00,00,00,00,00,00,00,00,01,00,00,00,00,00,00,00,"FALSE, TRUE, FALSE, FALSE, FALSE, FALSE, FALSE, FALSE, FALSE, FALSE, FALSE, FALSE, TRUE, FALSE, FALSE, FALSE, FALSE, FALSE, FALSE, FALSE",C5C90F80,A444FC80,"Normal Ammo Powder,Pierce Ammo Powder,Spread Ammo Powder,Elemental Ammo Powder","Normal Ammo Magazine,Pierce Ammo Magazine,Spread Ammo Magazine,Rapid Fire Magazine,Special Ammo Magazine",6471BD80,Wyvernblast,00,FALSE,60268F80,9EDDD500,00000000,00000000,0002,0001,0000,0000,Tetrad Shot,2,Poison Duration Up,1
00000034,52,00000001,00000006,6,00000000,00000000,00000028,40,18CF90C1-4958-448D-88AD-92F9A4C4A352,Valkyrie Fire II,D66D69DD-1B19-42B9-B7DC-108AD40DC052,00000038,56,000036B0,"14,000z",0000000C,7,00BE,190,0000,0,000F,15%,00000003,00000002,00000000,"3, 2, 0",E92D7680,Pierce?,FE3E4B10,578C0500,FE3E4B10,FE3E4B10,C063CC00,C063CC00,C063CC00,FE3E4B10,C063CC00,C063CC00,C063CC00,C063CC00,578C0500,C063CC00,C063CC00,C063CC00,C063CC00,C063CC00,C063CC00,FE3E4B10,"1, 2, 1, 1, 0, 0, 0, 1, 0, 0, 0, 0, 2, 0, 0, 0, 0, 0, 0, 1",0003,0003,0004,0001,0000,0000,0000,0005,0000,0000,0000,0000,0004,0000,0000,0000,0000,0000,0000,0004,"3, 3, 4, 1, 0, 0, 0, 5, 0, 0, 0, 0, 4, 0, 0, 0, 0, 0, 0, 4",0000,0001,0000,0000,0000,0000,0000,0000,0000,0000,0000,0000,0001,0000,0000,0000,0000,0000,0000,0000,"0, 1, 0, 0, 0, 0, 0, 0, 0, 0, 0, 0, 1, 0, 0, 0, 0, 0, 0, 0",00,01,00,00,00,00,00,00,00,00,00,00,01,00,00,00,00,00,00,00,"FALSE, TRUE, FALSE, FALSE, FALSE, FALSE, FALSE, FALSE, FALSE, FALSE, FALSE, FALSE, TRUE, FALSE, FALSE, FALSE, FALSE, FALSE, FALSE, FALSE",C5C90F80,A444FC80,"Normal Ammo Powder,Pierce Ammo Powder,Spread Ammo Powder,Elemental Ammo Powder","Normal Ammo Magazine,Pierce Ammo Magazine,Spread Ammo Magazine,Rapid Fire Magazine,Special Ammo Magazine",6471BD80,Wyvernblast,00,FALSE,60268F80,9EDDD500,00000000,00000000,0003,0001,0000,0000,Tetrad Shot,3,Poison Duration Up,1
00000035,53,00000001,00000006,6,00000000,00000000,00000029,41,93D83E7F-573E-4971-BDD1-7F932792E5A6,Valkyrie Flame,25DD7029-97BE-4598-9ACF-39C7B7D73FD7,00000039,57,00004E20,"20,000z",0000000B,8,00D2,210,0000,0,000F,15%,00000003,00000002,00000001,"3, 2, 1",E92D7680,Pierce?,FE3E4B10,578C0500,FE3E4B10,FE3E4B10,C063CC00,C063CC00,C063CC00,FE3E4B10,C063CC00,C063CC00,C063CC00,C063CC00,578C0500,C063CC00,C063CC00,C063CC00,C063CC00,C063CC00,C063CC00,FE3E4B10,"1, 2, 1, 1, 0, 0, 0, 1, 0, 0, 0, 0, 2, 0, 0, 0, 0, 0, 0, 1",0003,0003,0004,0001,0000,0000,0000,0005,0000,0000,0000,0000,0004,0000,0000,0000,0000,0000,0000,0004,"3, 3, 4, 1, 0, 0, 0, 5, 0, 0, 0, 0, 4, 0, 0, 0, 0, 0, 0, 4",0000,0001,0000,0000,0000,0000,0000,0000,0000,0000,0000,0000,0001,0000,0000,0000,0000,0000,0000,0000,"0, 1, 0, 0, 0, 0, 0, 0, 0, 0, 0, 0, 1, 0, 0, 0, 0, 0, 0, 0",00,01,00,00,00,00,00,00,00,00,00,00,01,00,00,00,00,00,00,00,"FALSE, TRUE, FALSE, FALSE, FALSE, FALSE, FALSE, FALSE, FALSE, FALSE, FALSE, FALSE, TRUE, FALSE, FALSE, FALSE, FALSE, FALSE, FALSE, FALSE",C5C90F80,A444FC80,"Normal Ammo Powder,Pierce Ammo Powder,Spread Ammo Powder,Elemental Ammo Powder","Normal Ammo Magazine,Pierce Ammo Magazine,Spread Ammo Magazine,Rapid Fire Magazine,Special Ammo Magazine",6471BD80,Wyvernblast,01,TRUE,60268F80,9EDDD500,00000000,00000000,0003,0001,0000,0000,Tetrad Shot,3,Poison Duration Up,1
00000006,6,00000001,00002711,10001,00000000,00000000,0000002A,42,89CCE8CC-9DF5-4F5C-96BA-37BACCF3B8CA,Hunter's Rifle I,B0EAECC5-189B-4641-817D-D5BCFA39A898,0000001D,29,000001F4,500z,00000012,1,006E,110,0000,0,0000,0%,00000000,00000000,00000000,"0, 0, 0",03831064,Spread?,FE3E4B10,FE3E4B10,578C0500,C063CC00,C063CC00,C063CC00,C063CC00,FE3E4B10,C063CC00,C063CC00,C063CC00,C063CC00,C063CC00,C063CC00,C063CC00,C063CC00,C063CC00,C063CC00,FE3E4B10,FE3E4B10,"1, 1, 2, 0, 0, 0, 0, 1, 0, 0, 0, 0, 0, 0, 0, 0, 0, 0, 1, 1",0005,0004,0004,0000,0000,0000,0000,0005,0000,0000,0000,0000,0000,0000,0000,0000,0000,0000,0003,0004,"5, 4, 4, 0, 0, 0, 0, 5, 0, 0, 0, 0, 0, 0, 0, 0, 0, 0, 3, 4",0000,0001,0001,0000,0000,0000,0000,0000,0000,0000,0000,0000,0000,0000,0000,0000,0000,0000,0000,0000,"0, 1, 1, 0, 0, 0, 0, 0, 0, 0, 0, 0, 0, 0, 0, 0, 0, 0, 0, 0",00,01,01,00,00,00,00,00,00,00,00,00,00,00,00,00,00,00,00,00,"FALSE, TRUE, TRUE, FALSE, FALSE, FALSE, FALSE, FALSE, FALSE, FALSE, FALSE, FALSE, FALSE, FALSE, FALSE, FALSE, FALSE, FALSE, FALSE, FALSE",96368200,E3AC8780,"Normal Ammo Magazine,Pierce Ammo Magazine,Spread Ammo Magazine,Elemental Boost Magazine","Normal Ammo Magazine,Pierce Ammo Magazine,Spread Ammo Magazine,Rapid Fire Magazine,Special Ammo Magazine",9F0A5000,Adhesive Ammo?,00,FALSE,660A4B80,00000000,00000000,00000000,0001,0000,0000,0000,Opening Shot,1,,
00000007,7,00000001,00002711,10001,00000000,00000000,0000002B,43,F33A8300-CF58-4715-AA9B-E675C0334DFA,Hunter's Rifle II,4C1E2847-54D7-49A5-B040-B3B6413B5E46,0000001E,30,00000320,800z,00000011,2,0082,130,0000,0,0000,0%,00000000,00000000,00000000,"0, 0, 0",03831064,Spread?,FE3E4B10,FE3E4B10,578C0500,C063CC00,C063CC00,C063CC00,C063CC00,FE3E4B10,C063CC00,C063CC00,C063CC00,C063CC00,C063CC00,C063CC00,C063CC00,C063CC00,C063CC00,C063CC00,FE3E4B10,FE3E4B10,"1, 1, 2, 0, 0, 0, 0, 1, 0, 0, 0, 0, 0, 0, 0, 0, 0, 0, 1, 1",0005,0004,0004,0000,0000,0000,0000,0005,0000,0000,0000,0000,0000,0000,0000,0000,0000,0000,0003,0004,"5, 4, 4, 0, 0, 0, 0, 5, 0, 0, 0, 0, 0, 0, 0, 0, 0, 0, 3, 4",0000,0001,0001,0000,0000,0000,0000,0000,0000,0000,0000,0000,0000,0000,0000,0000,0000,0000,0000,0000,"0, 1, 1, 0, 0, 0, 0, 0, 0, 0, 0, 0, 0, 0, 0, 0, 0, 0, 0, 0",00,01,01,00,00,00,00,00,00,00,00,00,00,00,00,00,00,00,00,00,"FALSE, TRUE, TRUE, FALSE, FALSE, FALSE, FALSE, FALSE, FALSE, FALSE, FALSE, FALSE, FALSE, FALSE, FALSE, FALSE, FALSE, FALSE, FALSE, FALSE",96368200,E3AC8780,"Normal Ammo Magazine,Pierce Ammo Magazine,Spread Ammo Magazine,Elemental Boost Magazine","Normal Ammo Magazine,Pierce Ammo Magazine,Spread Ammo Magazine,Rapid Fire Magazine,Special Ammo Magazine",9F0A5000,Adhesive Ammo?,00,FALSE,660A4B80,00000001,00000000,00000000,0001,0001,0000,0000,Opening Shot,1,Attack Boost,1
00000008,8,00000001,00002711,10001,00000000,00000000,0000002C,44,32EF0825-1840-4C9F-B8A1-AD28BBFB2C88,Hunter's Rifle III,DB0FFF30-3AEF-47A6-B0C0-C4F6E7ACA3DB,0000001F,31,00000A28,"2,600z",0000000F,4,00AA,170,0000,0,0000,0%,00000001,00000000,00000000,"1, 0, 0",03831064,Spread?,FE3E4B10,FE3E4B10,578C0500,C063CC00,C063CC00,C063CC00,C063CC00,FE3E4B10,C063CC00,C063CC00,C063CC00,C063CC00,C063CC00,C063CC00,C063CC00,C063CC00,C063CC00,C063CC00,FE3E4B10,FE3E4B10,"1, 1, 2, 0, 0, 0, 0, 1, 0, 0, 0, 0, 0, 0, 0, 0, 0, 0, 1, 1",0005,0004,0004,0000,0000,0000,0000,0005,0000,0000,0000,0000,0000,0000,0000,0000,0000,0000,0003,0004,"5, 4, 4, 0, 0, 0, 0, 5, 0, 0, 0, 0, 0, 0, 0, 0, 0, 0, 3, 4",0000,0001,0001,0000,0000,0000,0000,0000,0000,0000,0000,0000,0000,0000,0000,0000,0000,0000,0000,0000,"0, 1, 1, 0, 0, 0, 0, 0, 0, 0, 0, 0, 0, 0, 0, 0, 0, 0, 0, 0",00,01,01,00,00,00,00,00,00,00,00,00,00,00,00,00,00,00,00,00,"FALSE, TRUE, TRUE, FALSE, FALSE, FALSE, FALSE, FALSE, FALSE, FALSE, FALSE, FALSE, FALSE, FALSE, FALSE, FALSE, FALSE, FALSE, FALSE, FALSE",96368200,E3AC8780,"Normal Ammo Magazine,Pierce Ammo Magazine,Spread Ammo Magazine,Elemental Boost Magazine","Normal Ammo Magazine,Pierce Ammo Magazine,Spread Ammo Magazine,Rapid Fire Magazine,Special Ammo Magazine",9F0A5000,Adhesive Ammo?,00,FALSE,660A4B80,00000001,00000000,00000000,0002,0001,0000,0000,Opening Shot,2,Attack Boost,1
00000009,9,00000001,00002711,10001,00000000,00000000,0000002D,45,E9EB44D6-BF29-4CBD-BF3C-4829877419B2,Hunter's Rifle IV,3ABB5F83-CCF8-43B0-A4EC-1D2C80672B70,00000020,32,00002710,"10,000z",0000000D,6,00C8,200,0000,0,0000,0%,00000002,00000001,00000000,"2, 1, 0",03831064,Spread?,FE3E4B10,FE3E4B10,578C0500,C063CC00,C063CC00,C063CC00,C063CC00,FE3E4B10,C063CC00,C063CC00,C063CC00,C063CC00,C063CC00,C063CC00,C063CC00,C063CC00,C063CC00,C063CC00,FE3E4B10,FE3E4B10,"1, 1, 2, 0, 0, 0, 0, 1, 0, 0, 0, 0, 0, 0, 0, 0, 0, 0, 1, 1",0005,0004,0004,0000,0000,0000,0000,0005,0000,0000,0000,0000,0000,0000,0000,0000,0000,0000,0003,0004,"5, 4, 4, 0, 0, 0, 0, 5, 0, 0, 0, 0, 0, 0, 0, 0, 0, 0, 3, 4",0000,0001,0001,0000,0000,0000,0000,0000,0000,0000,0000,0000,0000,0000,0000,0000,0000,0000,0000,0000,"0, 1, 1, 0, 0, 0, 0, 0, 0, 0, 0, 0, 0, 0, 0, 0, 0, 0, 0, 0",00,01,01,00,00,00,00,00,00,00,00,00,00,00,00,00,00,00,00,00,"FALSE, TRUE, TRUE, FALSE, FALSE, FALSE, FALSE, FALSE, FALSE, FALSE, FALSE, FALSE, FALSE, FALSE, FALSE, FALSE, FALSE, FALSE, FALSE, FALSE",96368200,E3AC8780,"Normal Ammo Magazine,Pierce Ammo Magazine,Spread Ammo Magazine,Elemental Boost Magazine","Normal Ammo Magazine,Pierce Ammo Magazine,Spread Ammo Magazine,Rapid Fire Magazine,Special Ammo Magazine",9F0A5000,Adhesive Ammo?,00,FALSE,660A4B80,00000001,00000000,00000000,0003,0001,0000,0000,Opening Shot,3,Attack Boost,1
0000000A,10,00000001,00002711,10001,00000000,00000000,0000002E,46,0BAA73F4-03ED-46D2-8891-E6E7D3163F3F,Power Rifle,86D806AE-A010-4C3C-B068-D16EAC6413F8,00000021,33,00004E20,"20,000z",0000000B,8,00E6,230,0000,0,0000,0%,00000003,00000002,00000001,"3, 2, 1",03831064,Spread?,FE3E4B10,FE3E4B10,578C0500,C063CC00,C063CC00,C063CC00,C063CC00,FE3E4B10,C063CC00,C063CC00,C063CC00,C063CC00,C063CC00,C063CC00,C063CC00,C063CC00,C063CC00,C063CC00,FE3E4B10,FE3E4B10,"1, 1, 2, 0, 0, 0, 0, 1, 0, 0, 0, 0, 0, 0, 0, 0, 0, 0, 1, 1",0005,0004,0004,0000,0000,0000,0000,0005,0000,0000,0000,0000,0000,0000,0000,0000,0000,0000,0003,0004,"5, 4, 4, 0, 0, 0, 0, 5, 0, 0, 0, 0, 0, 0, 0, 0, 0, 0, 3, 4",0000,0001,0001,0000,0000,0000,0000,0000,0000,0000,0000,0000,0000,0000,0000,0000,0000,0000,0000,0000,"0, 1, 1, 0, 0, 0, 0, 0, 0, 0, 0, 0, 0, 0, 0, 0, 0, 0, 0, 0",00,01,01,00,00,00,00,00,00,00,00,00,00,00,00,00,00,00,00,00,"FALSE, TRUE, TRUE, FALSE, FALSE, FALSE, FALSE, FALSE, FALSE, FALSE, FALSE, FALSE, FALSE, FALSE, FALSE, FALSE, FALSE, FALSE, FALSE, FALSE",96368200,E3AC8780,"Normal Ammo Magazine,Pierce Ammo Magazine,Spread Ammo Magazine,Elemental Boost Magazine","Normal Ammo Magazine,Pierce Ammo Magazine,Spread Ammo Magazine,Rapid Fire Magazine,Special Ammo Magazine",9F0A5000,Adhesive Ammo?,01,TRUE,660A4B80,00000001,00000000,00000000,0003,0001,0000,0000,Opening Shot,3,Attack Boost,1
00000036,54,00000001,000186A3,100003,00000000,00000000,0000002F,47,58222E2D-1E22-4E1A-923C-BAAEA16A515C,Felling Fulgur I,9B99DD82-8D04-419C-9109-8F9D1182612E,00000035,53,00002710,"10,000z",0000000D,6,00B4,180,0000,0,000F,15%,00000002,00000001,00000000,"2, 1, 0",9BE1AC80,Normal?,578C0500,FE3E4B10,FE3E4B10,C063CC00,C063CC00,C063CC00,C063CC00,C063CC00,C063CC00,FE3E4B10,C063CC00,C063CC00,C063CC00,FE3E4B10,C063CC00,C063CC00,C063CC00,C063CC00,C063CC00,FE3E4B10,"2, 1, 1, 0, 0, 0, 0, 0, 0, 1, 0, 0, 0, 1, 0, 0, 0, 0, 0, 1",0003,0004,0003,0000,0000,0000,0000,0000,0000,0005,0000,0000,0000,0002,0000,0000,0000,0000,0000,0004,"3, 4, 3, 0, 0, 0, 0, 0, 0, 5, 0, 0, 0, 2, 0, 0, 0, 0, 0, 4",0001,0000,0000,0000,0000,0000,0000,0000,0000,0001,0000,0000,0000,0001,0000,0000,0000,0000,0000,0000,"1, 0, 0, 0, 0, 0, 0, 0, 0, 1, 0, 0, 0, 1, 0, 0, 0, 0, 0, 0",01,00,00,00,00,00,00,00,00,01,00,00,00,01,00,00,00,00,00,00,"TRUE, FALSE, FALSE, FALSE, FALSE, FALSE, FALSE, FALSE, FALSE, TRUE, FALSE, FALSE, FALSE, TRUE, FALSE, FALSE, FALSE, FALSE, FALSE, FALSE",2EC1A640,E3AC8780,"Normal Ammo Powder,Pierce Ammo Powder,Spread Ammo Powder,Elemental Ammo Powder","Normal Ammo Magazine,Pierce Ammo Magazine,Spread Ammo Magazine,Rapid Fire Magazine,Special Ammo Magazine",9F0A5000,Adhesive Ammo?,00,FALSE,12B121E0,00000000,00000000,00000000,0003,0000,0000,0000,Critical Element,3,,
00000037,55,00000001,000186A3,100003,00000000,00000000,00000030,48,AD7B7476-E153-4C44-83AA-DBA7583D2B03,Fulgursnipe Guardiana,FDA63177-1E49-4DC1-9150-93CCCEC1A4C3,00000036,54,00004E20,"20,000z",0000000B,8,00D2,210,0000,0,000F,15%,00000003,00000002,00000001,"3, 2, 1",9BE1AC80,Normal?,578C0500,FE3E4B10,FE3E4B10,C063CC00,C063CC00,C063CC00,C063CC00,C063CC00,C063CC00,FE3E4B10,C063CC00,C063CC00,C063CC00,FE3E4B10,C063CC00,C063CC00,C063CC00,C063CC00,C063CC00,FE3E4B10,"2, 1, 1, 0, 0, 0, 0, 0, 0, 1, 0, 0, 0, 1, 0, 0, 0, 0, 0, 1",0003,0004,0003,0000,0000,0000,0000,0000,0000,0005,0000,0000,0000,0002,0000,0000,0000,0000,0000,0004,"3, 4, 3, 0, 0, 0, 0, 0, 0, 5, 0, 0, 0, 2, 0, 0, 0, 0, 0, 4",0001,0000,0000,0000,0000,0000,0000,0000,0000,0001,0000,0000,0000,0001,0000,0000,0000,0000,0000,0000,"1, 0, 0, 0, 0, 0, 0, 0, 0, 1, 0, 0, 0, 1, 0, 0, 0, 0, 0, 0",01,00,00,00,00,00,00,00,00,01,00,00,00,01,00,00,00,00,00,00,"TRUE, FALSE, FALSE, FALSE, FALSE, FALSE, FALSE, FALSE, FALSE, TRUE, FALSE, FALSE, FALSE, TRUE, FALSE, FALSE, FALSE, FALSE, FALSE, FALSE",2EC1A640,E3AC8780,"Normal Ammo Powder,Pierce Ammo Powder,Spread Ammo Powder,Elemental Ammo Powder","Normal Ammo Magazine,Pierce Ammo Magazine,Spread Ammo Magazine,Rapid Fire Magazine,Special Ammo Magazine",9F0A5000,Adhesive Ammo?,01,TRUE,12B121E0,00000000,00000000,00000000,0003,0000,0000,0000,Critical Element,3,,
0000002A,42,00000001,000186A1,100001,00000000,00000000,00000031,49,4E449E60-A310-4BFC-8BD7-00B1E9B0F9D6,Chthonian Gunfire I,D6761F42-F7FC-411F-831F-9BD9C077A6F9,0000002F,47,00000A28,"2,600z",0000000F,4,008C,140,0000,0,000A,10%,00000001,00000000,00000000,"1, 0, 0",E92D7680,Pierce?,FE3E4B10,578C0500,FE3E4B10,C063CC00,C063CC00,C063CC00,C063CC00,C063CC00,C063CC00,FE3E4B10,C063CC00,FE3E4B10,C063CC00,C063CC00,C063CC00,FE3E4B10,C063CC00,C063CC00,C063CC00,FE3E4B10,"1, 2, 1, 0, 0, 0, 0, 0, 0, 1, 0, 1, 0, 0, 0, 1, 0, 0, 0, 1",0005,0005,0003,0000,0000,0000,0000,0000,0000,0006,0000,0002,0000,0000,0000,0001,0000,0000,0000,0004,"5, 5, 3, 0, 0, 0, 0, 0, 0, 6, 0, 2, 0, 0, 0, 1, 0, 0, 0, 4",0000,0001,0000,0000,0000,0000,0000,0000,0000,0000,0000,0001,0000,0000,0000,0000,0000,0000,0000,0000,"0, 1, 0, 0, 0, 0, 0, 0, 0, 0, 0, 1, 0, 0, 0, 0, 0, 0, 0, 0",00,01,00,00,00,00,00,00,00,00,00,01,00,00,00,00,00,00,00,00,"FALSE, TRUE, FALSE, FALSE, FALSE, FALSE, FALSE, FALSE, FALSE, FALSE, FALSE, TRUE, FALSE, FALSE, FALSE, FALSE, FALSE, FALSE, FALSE, FALSE",7899A400,E3AC8780,"Normal Ammo Magazine,Pierce Ammo Magazine,Spread Ammo Magazine,Elemental Boost Magazine","Normal Ammo Magazine,Pierce Ammo Magazine,Spread Ammo Magazine,Rapid Fire Magazine,Special Ammo Magazine",9F0A5000,Adhesive Ammo?,00,FALSE,60268F80,00000000,00000000,00000000,0002,0000,0000,0000,Tetrad Shot,2,,
0000002B,43,00000001,000186A1,100001,00000000,00000000,00000032,50,E9472E4C-339E-4912-A317-1576122DF38B,Chthonian Gunfire II,102FBDF5-7D38-4889-880E-B0195068D133,00000030,48,00002710,"10,000z",0000000D,6,00AA,170,0000,0,000A,10%,00000002,00000001,00000000,"2, 1, 0",E92D7680,Pierce?,FE3E4B10,578C0500,FE3E4B10,C063CC00,C063CC00,C063CC00,C063CC00,C063CC00,C063CC00,FE3E4B10,C063CC00,FE3E4B10,C063CC00,C063CC00,C063CC00,FE3E4B10,C063CC00,C063CC00,C063CC00,FE3E4B10,"1, 2, 1, 0, 0, 0, 0, 0, 0, 1, 0, 1, 0, 0, 0, 1, 0, 0, 0, 1",0005,0005,0003,0000,0000,0000,0000,0000,0000,0006,0000,0002,0000,0000,0000,0001,0000,0000,0000,0004,"5, 5, 3, 0, 0, 0, 0, 0, 0, 6, 0, 2, 0, 0, 0, 1, 0, 0, 0, 4",0000,0001,0000,0000,0000,0000,0000,0000,0000,0000,0000,0001,0000,0000,0000,0000,0000,0000,0000,0000,"0, 1, 0, 0, 0, 0, 0, 0, 0, 0, 0, 1, 0, 0, 0, 0, 0, 0, 0, 0",00,01,00,00,00,00,00,00,00,00,00,01,00,00,00,00,00,00,00,00,"FALSE, TRUE, FALSE, FALSE, FALSE, FALSE, FALSE, FALSE, FALSE, FALSE, FALSE, TRUE, FALSE, FALSE, FALSE, FALSE, FALSE, FALSE, FALSE, FALSE",7899A400,E3AC8780,"Normal Ammo Magazine,Pierce Ammo Magazine,Spread Ammo Magazine,Elemental Boost Magazine","Normal Ammo Magazine,Pierce Ammo Magazine,Spread Ammo Magazine,Rapid Fire Magazine,Special Ammo Magazine",9F0A5000,Adhesive Ammo?,00,FALSE,60268F80,00000000,00000000,00000000,0003,0000,0000,0000,Tetrad Shot,3,,
0000002C,44,00000001,000186A1,100001,00000000,00000000,00000033,51,7DC37517-59A0-4E0E-8B4C-43738B177111,Bequeathed Animus,6A47C5CC-F3C5-495A-9F64-3C8E09640EFA,00000031,49,00004E20,"20,000z",0000000B,8,00D2,210,0000,0,000A,10%,00000003,00000002,00000001,"3, 2, 1",E92D7680,Pierce?,FE3E4B10,578C0500,FE3E4B10,C063CC00,C063CC00,C063CC00,C063CC00,C063CC00,C063CC00,FE3E4B10,C063CC00,FE3E4B10,C063CC00,C063CC00,C063CC00,FE3E4B10,C063CC00,C063CC00,C063CC00,FE3E4B10,"1, 2, 1, 0, 0, 0, 0, 0, 0, 1, 0, 1, 0, 0, 0, 1, 0, 0, 0, 1",0005,0005,0003,0000,0000,0000,0000,0000,0000,0006,0000,0002,0000,0000,0000,0001,0000,0000,0000,0004,"5, 5, 3, 0, 0, 0, 0, 0, 0, 6, 0, 2, 0, 0, 0, 1, 0, 0, 0, 4",0000,0001,0000,0000,0000,0000,0000,0000,0000,0000,0000,0001,0000,0000,0000,0000,0000,0000,0000,0000,"0, 1, 0, 0, 0, 0, 0, 0, 0, 0, 0, 1, 0, 0, 0, 0, 0, 0, 0, 0",00,01,00,00,00,00,00,00,00,00,00,01,00,00,00,00,00,00,00,00,"FALSE, TRUE, FALSE, FALSE, FALSE, FALSE, FALSE, FALSE, FALSE, FALSE, FALSE, TRUE, FALSE, FALSE, FALSE, FALSE, FALSE, FALSE, FALSE, FALSE",7899A400,E3AC8780,"Normal Ammo Magazine,Pierce Ammo Magazine,Spread Ammo Magazine,Elemental Boost Magazine","Normal Ammo Magazine,Pierce Ammo Magazine,Spread Ammo Magazine,Rapid Fire Magazine,Special Ammo Magazine",9F0A5000,Adhesive Ammo?,01,TRUE,60268F80,00000000,00000000,00000000,0003,0000,0000,0000,Tetrad Shot,3,,
0000001E,30,00000001,0000000B,11,00000000,00000000,00000034,52,4B53DA88-DFE1-402F-9610-63431DCDFB17,Ajara Shellgun I,6FFE1C87-E625-4CED-955C-8C8DCE8BC6CD,00000022,34,000005DC,"1,500z",00000010,3,0082,130,0000,0,000A,10%,00000000,00000000,00000000,"0, 0, 0",03831064,Spread?,FE3E4B10,FE3E4B10,578C0500,FE3E4B10,C063CC00,C063CC00,C063CC00,FE3E4B10,C063CC00,FE3E4B10,C063CC00,C063CC00,C063CC00,C063CC00,C063CC00,C063CC00,C063CC00,C063CC00,C063CC00,FE3E4B10,"1, 1, 2, 1, 0, 0, 0, 1, 0, 1, 0, 0, 0, 0, 0, 0, 0, 0, 0, 1",0005,0004,0003,0002,0000,0000,0000,0004,0000,0004,0000,0000,0000,0000,0000,0000,0000,0000,0000,0004,"5, 4, 3, 2, 0, 0, 0, 4, 0, 4, 0, 0, 0, 0, 0, 0, 0, 0, 0, 4",0000,0000,0001,0001,0000,0000,0000,0000,0000,0000,0000,0000,0000,0000,0000,0000,0000,0000,0000,0000,"0, 0, 1, 1, 0, 0, 0, 0, 0, 0, 0, 0, 0, 0, 0, 0, 0, 0, 0, 0",00,00,01,01,00,00,00,00,00,00,00,00,00,00,00,00,00,00,00,00,"FALSE, FALSE, TRUE, TRUE, FALSE, FALSE, FALSE, FALSE, FALSE, FALSE, FALSE, FALSE, FALSE, FALSE, FALSE, FALSE, FALSE, FALSE, FALSE, FALSE",C4859400,2696F400,"Normal Ammo Powder,Pierce Ammo Powder,Spread Ammo Powder,Elemental Ammo Powder","Elemental Boost Magazine,Rapid Fire Mod,Special Ammo Mod",9F0A5000,Adhesive Ammo?,00,FALSE,DC6E1A40,00000000,00000000,00000000,0002,0000,0000,0000,Artillery,2,,
0000001F,31,00000001,0000000B,11,00000000,00000000,00000035,53,95FB4254-7F02-467B-A8AF-1665D45A2252,Ajara Shellgun II,E1D8BC4D-A958-4C21-B8AC-624862AE71FA,00000023,35,00002710,"10,000z",0000000D,6,00B4,180,0000,0,000A,10%,00000002,00000001,00000000,"2, 1, 0",03831064,Spread?,FE3E4B10,FE3E4B10,578C0500,FE3E4B10,C063CC00,C063CC00,C063CC00,FE3E4B10,C063CC00,FE3E4B10,C063CC00,C063CC00,C063CC00,C063CC00,C063CC00,C063CC00,C063CC00,C063CC00,C063CC00,FE3E4B10,"1, 1, 2, 1, 0, 0, 0, 1, 0, 1, 0, 0, 0, 0, 0, 0, 0, 0, 0, 1",0005,0004,0003,0002,0000,0000,0000,0004,0000,0004,0000,0000,0000,0000,0000,0000,0000,0000,0000,0004,"5, 4, 3, 2, 0, 0, 0, 4, 0, 4, 0, 0, 0, 0, 0, 0, 0, 0, 0, 4",0000,0000,0001,0001,0000,0000,0000,0000,0000,0000,0000,0000,0000,0000,0000,0000,0000,0000,0000,0000,"0, 0, 1, 1, 0, 0, 0, 0, 0, 0, 0, 0, 0, 0, 0, 0, 0, 0, 0, 0",00,00,01,01,00,00,00,00,00,00,00,00,00,00,00,00,00,00,00,00,"FALSE, FALSE, TRUE, TRUE, FALSE, FALSE, FALSE, FALSE, FALSE, FALSE, FALSE, FALSE, FALSE, FALSE, FALSE, FALSE, FALSE, FALSE, FALSE, FALSE",C4859400,2696F400,"Normal Ammo Powder,Pierce Ammo Powder,Spread Ammo Powder,Elemental Ammo Powder","Elemental Boost Magazine,Rapid Fire Mod,Special Ammo Mod",9F0A5000,Adhesive Ammo?,00,FALSE,DC6E1A40,00000000,00000000,00000000,0003,0000,0000,0000,Artillery,3,,
00000020,32,00000001,0000000B,11,00000000,00000000,00000036,54,47A874E1-25CB-44BC-9BAF-A6C48EB8FB4B,Ajara-Angaja,DF52620A-1CCD-4A5F-BEBE-8BAB19FDAF4B,00000024,36,00004E20,"20,000z",0000000B,8,00D2,210,0000,0,000A,10%,00000003,00000002,00000001,"3, 2, 1",03831064,Spread?,FE3E4B10,FE3E4B10,578C0500,FE3E4B10,C063CC00,C063CC00,C063CC00,FE3E4B10,C063CC00,FE3E4B10,C063CC00,C063CC00,C063CC00,C063CC00,C063CC00,C063CC00,C063CC00,C063CC00,C063CC00,FE3E4B10,"1, 1, 2, 1, 0, 0, 0, 1, 0, 1, 0, 0, 0, 0, 0, 0, 0, 0, 0, 1",0005,0004,0003,0002,0000,0000,0000,0004,0000,0004,0000,0000,0000,0000,0000,0000,0000,0000,0000,0004,"5, 4, 3, 2, 0, 0, 0, 4, 0, 4, 0, 0, 0, 0, 0, 0, 0, 0, 0, 4",0000,0000,0001,0001,0000,0000,0000,0000,0000,0000,0000,0000,0000,0000,0000,0000,0000,0000,0000,0000,"0, 0, 1, 1, 0, 0, 0, 0, 0, 0, 0, 0, 0, 0, 0, 0, 0, 0, 0, 0",00,00,01,01,00,00,00,00,00,00,00,00,00,00,00,00,00,00,00,00,"FALSE, FALSE, TRUE, TRUE, FALSE, FALSE, FALSE, FALSE, FALSE, FALSE, FALSE, FALSE, FALSE, FALSE, FALSE, FALSE, FALSE, FALSE, FALSE, FALSE",C4859400,2696F400,"Normal Ammo Powder,Pierce Ammo Powder,Spread Ammo Powder,Elemental Ammo Powder","Elemental Boost Magazine,Rapid Fire Mod,Special Ammo Mod",9F0A5000,Adhesive Ammo?,01,TRUE,DC6E1A40,00000000,00000000,00000000,0003,0000,0000,0000,Artillery,3,,
00000021,33,00000001,0000000A,10,00000000,00000000,00000037,55,FA646660-C6C0-44EC-998B-2796D4224F01,Nu Chobotnice I,652CEFF2-3D62-4096-9E17-3ACA9BD8DE43,00000025,37,00000A28,"2,600z",0000000F,4,00AA,170,0000,0,FFF1,-15%,00000001,00000000,00000000,"1, 0, 0",03831064,Spread?,FE3E4B10,FE3E4B10,6977C080,C063CC00,C063CC00,C063CC00,C063CC00,FE3E4B10,C063CC00,C063CC00,C063CC00,C063CC00,C063CC00,C063CC00,C063CC00,C063CC00,C063CC00,C063CC00,FE3E4B10,FE3E4B10,"1, 1, 3, 0, 0, 0, 0, 1, 0, 0, 0, 0, 0, 0, 0, 0, 0, 0, 1, 1",0006,0004,0002,0000,0000,0000,0000,0006,0000,0000,0000,0000,0000,0000,0000,0000,0000,0000,0004,0004,"6, 4, 2, 0, 0, 0, 0, 6, 0, 0, 0, 0, 0, 0, 0, 0, 0, 0, 4, 4",0000,0000,0001,0000,0000,0000,0000,0001,0000,0000,0000,0000,0000,0000,0000,0000,0000,0000,0000,0000,"0, 0, 1, 0, 0, 0, 0, 1, 0, 0, 0, 0, 0, 0, 0, 0, 0, 0, 0, 0",00,00,01,00,00,00,00,01,00,00,00,00,00,00,00,00,00,00,00,00,"FALSE, FALSE, TRUE, FALSE, FALSE, FALSE, FALSE, TRUE, FALSE, FALSE, FALSE, FALSE, FALSE, FALSE, FALSE, FALSE, FALSE, FALSE, FALSE, FALSE",96368200,0000335E,"Normal Ammo Magazine,Pierce Ammo Magazine,Spread Ammo Magazine,Elemental Boost Magazine","Normal Ammo Magazine,Pierce Ammo Magazine,Spread Ammo Magazine,Rapid Fire Magazine,Special Ammo Magazine",6471BD80,Wyvernblast,00,FALSE,660A4B80,00000000,00000000,00000000,0002,0000,0000,0000,Opening Shot,2,,
00000022,34,00000001,0000000A,10,00000000,00000000,00000038,56,7DB70C64-D581-43A3-AECB-F3EA32A51F46,Nu Chobotnice II,D460BE9B-D859-454A-A26E-FCC5560C849F,00000026,38,000036B0,"14,000z",0000000C,7,00D2,210,0000,0,FFF1,-15%,00000003,00000002,00000000,"3, 2, 0",03831064,Spread?,FE3E4B10,FE3E4B10,6977C080,C063CC00,C063CC00,C063CC00,C063CC00,FE3E4B10,C063CC00,C063CC00,C063CC00,C063CC00,C063CC00,C063CC00,C063CC00,C063CC00,C063CC00,C063CC00,FE3E4B10,FE3E4B10,"1, 1, 3, 0, 0, 0, 0, 1, 0, 0, 0, 0, 0, 0, 0, 0, 0, 0, 1, 1",0006,0004,0002,0000,0000,0000,0000,0006,0000,0000,0000,0000,0000,0000,0000,0000,0000,0000,0004,0004,"6, 4, 2, 0, 0, 0, 0, 6, 0, 0, 0, 0, 0, 0, 0, 0, 0, 0, 4, 4",0000,0000,0001,0000,0000,0000,0000,0001,0000,0000,0000,0000,0000,0000,0000,0000,0000,0000,0000,0000,"0, 0, 1, 0, 0, 0, 0, 1, 0, 0, 0, 0, 0, 0, 0, 0, 0, 0, 0, 0",00,00,01,00,00,00,00,01,00,00,00,00,00,00,00,00,00,00,00,00,"FALSE, FALSE, TRUE, FALSE, FALSE, FALSE, FALSE, TRUE, FALSE, FALSE, FALSE, FALSE, FALSE, FALSE, FALSE, FALSE, FALSE, FALSE, FALSE, FALSE",96368200,0000335E,"Normal Ammo Magazine,Pierce Ammo Magazine,Spread Ammo Magazine,Elemental Boost Magazine","Normal Ammo Magazine,Pierce Ammo Magazine,Spread Ammo Magazine,Rapid Fire Magazine,Special Ammo Magazine",6471BD80,Wyvernblast,00,FALSE,660A4B80,00000000,00000000,00000000,0003,0000,0000,0000,Opening Shot,3,,
00000023,35,00000001,0000000A,10,00000000,00000000,00000039,57,CCD9BE1A-DDC8-4F21-B25D-758BDA9277FD,Abaddonian Chobotnice,F83C21DA-4E6E-4E8B-B393-7C18BF1A78DB,00000027,39,00004E20,"20,000z",0000000B,8,00E6,230,0000,0,FFF1,-15%,00000003,00000002,00000001,"3, 2, 1",03831064,Spread?,FE3E4B10,FE3E4B10,6977C080,C063CC00,C063CC00,C063CC00,C063CC00,FE3E4B10,C063CC00,C063CC00,C063CC00,C063CC00,C063CC00,C063CC00,C063CC00,C063CC00,C063CC00,C063CC00,FE3E4B10,FE3E4B10,"1, 1, 3, 0, 0, 0, 0, 1, 0, 0, 0, 0, 0, 0, 0, 0, 0, 0, 1, 1",0006,0004,0002,0000,0000,0000,0000,0006,0000,0000,0000,0000,0000,0000,0000,0000,0000,0000,0004,0004,"6, 4, 2, 0, 0, 0, 0, 6, 0, 0, 0, 0, 0, 0, 0, 0, 0, 0, 4, 4",0000,0000,0001,0000,0000,0000,0000,0001,0000,0000,0000,0000,0000,0000,0000,0000,0000,0000,0000,0000,"0, 0, 1, 0, 0, 0, 0, 1, 0, 0, 0, 0, 0, 0, 0, 0, 0, 0, 0, 0",00,00,01,00,00,00,00,01,00,00,00,00,00,00,00,00,00,00,00,00,"FALSE, FALSE, TRUE, FALSE, FALSE, FALSE, FALSE, TRUE, FALSE, FALSE, FALSE, FALSE, FALSE, FALSE, FALSE, FALSE, FALSE, FALSE, FALSE, FALSE",96368200,0000335E,"Normal Ammo Magazine,Pierce Ammo Magazine,Spread Ammo Magazine,Elemental Boost Magazine","Normal Ammo Magazine,Pierce Ammo Magazine,Spread Ammo Magazine,Rapid Fire Magazine,Special Ammo Magazine",6471BD80,Wyvernblast,01,TRUE,660A4B80,00000000,00000000,00000000,0003,0000,0000,0000,Opening Shot,3,,
0000001A,26,00000001,00000009,9,00000000,00000000,0000003A,58,C975C2CD-1353-42C8-92D1-15E8D9D3C16B,Windshear Light I,79928DC6-BFCE-4340-94E3-D703B5FBE983,0000002B,43,000005DC,"1,500z",00000010,3,008C,140,0000,0,0000,0%,00000000,00000000,00000000,"0, 0, 0",E92D7680,Pierce?,FE3E4B10,578C0500,FE3E4B10,C063CC00,C063CC00,C063CC00,C063CC00,C063CC00,FE3E4B10,C063CC00,FE3E4B10,C063CC00,C063CC00,C063CC00,C063CC00,C063CC00,C063CC00,C063CC00,FE3E4B10,FE3E4B10,"1, 2, 1, 0, 0, 0, 0, 0, 1, 0, 1, 0, 0, 0, 0, 0, 0, 0, 1, 1",0004,0002,0003,0000,0000,0000,0000,0000,0005,0000,0005,0000,0000,0000,0000,0000,0000,0000,0002,0004,"4, 2, 3, 0, 0, 0, 0, 0, 5, 0, 5, 0, 0, 0, 0, 0, 0, 0, 2, 4",0000,0001,0000,0000,0000,0000,0000,0000,0000,0000,0001,0000,0000,0000,0000,0000,0000,0000,0000,0000,"0, 1, 0, 0, 0, 0, 0, 0, 0, 0, 1, 0, 0, 0, 0, 0, 0, 0, 0, 0",00,01,00,00,00,00,00,00,00,00,01,00,00,00,00,00,00,00,00,00,"FALSE, TRUE, FALSE, FALSE, FALSE, FALSE, FALSE, FALSE, FALSE, FALSE, TRUE, FALSE, FALSE, FALSE, FALSE, FALSE, FALSE, FALSE, FALSE, FALSE",2EC1A640,E3AC8780,"Normal Ammo Powder,Pierce Ammo Powder,Spread Ammo Powder,Elemental Ammo Powder","Normal Ammo Magazine,Pierce Ammo Magazine,Spread Ammo Magazine,Rapid Fire Magazine,Special Ammo Magazine",6471BD80,Wyvernblast,00,FALSE,60268F80,17F9A780,00000000,00000000,0002,0001,0000,0000,Tetrad Shot,2,Airborne,1
0000001B,27,00000001,00000009,9,00000000,00000000,0000003B,59,C47EC871-0447-4F21-A104-32AE906D647F,Windshear Light II,D23855B7-37EE-4A85-BBEB-06B349EF1495,0000002C,44,00001388,"5,000z",0000000E,5,00AA,170,0000,0,0000,0%,00000002,00000001,00000000,"2, 1, 0",E92D7680,Pierce?,FE3E4B10,578C0500,FE3E4B10,C063CC00,C063CC00,C063CC00,C063CC00,C063CC00,FE3E4B10,C063CC00,FE3E4B10,C063CC00,C063CC00,C063CC00,C063CC00,C063CC00,C063CC00,C063CC00,FE3E4B10,FE3E4B10,"1, 2, 1, 0, 0, 0, 0, 0, 1, 0, 1, 0, 0, 0, 0, 0, 0, 0, 1, 1",0004,0002,0003,0000,0000,0000,0000,0000,0005,0000,0005,0000,0000,0000,0000,0000,0000,0000,0003,0004,"4, 2, 3, 0, 0, 0, 0, 0, 5, 0, 5, 0, 0, 0, 0, 0, 0, 0, 3, 4",0000,0001,0000,0000,0000,0000,0000,0000,0000,0000,0001,0000,0000,0000,0000,0000,0000,0000,0000,0000,"0, 1, 0, 0, 0, 0, 0, 0, 0, 0, 1, 0, 0, 0, 0, 0, 0, 0, 0, 0",00,01,00,00,00,00,00,00,00,00,01,00,00,00,00,00,00,00,00,00,"FALSE, TRUE, FALSE, FALSE, FALSE, FALSE, FALSE, FALSE, FALSE, FALSE, TRUE, FALSE, FALSE, FALSE, FALSE, FALSE, FALSE, FALSE, FALSE, FALSE",2EC1A640,E3AC8780,"Normal Ammo Powder,Pierce Ammo Powder,Spread Ammo Powder,Elemental Ammo Powder","Normal Ammo Magazine,Pierce Ammo Magazine,Spread Ammo Magazine,Rapid Fire Magazine,Special Ammo Magazine",6471BD80,Wyvernblast,00,FALSE,60268F80,17F9A780,00000000,00000000,0002,0001,0000,0000,Tetrad Shot,2,Airborne,1
0000001C,28,00000001,00000009,9,00000000,00000000,0000003C,60,A3D66878-7537-4F16-9503-513ABF139781,Windshear Light III,2809089E-2ECC-45F1-95F2-97EB7A9ADEDE,0000002D,45,000036B0,"14,000z",0000000C,7,00C8,200,0000,0,0000,0%,00000003,00000002,00000000,"3, 2, 0",E92D7680,Pierce?,FE3E4B10,578C0500,FE3E4B10,C063CC00,C063CC00,C063CC00,C063CC00,C063CC00,FE3E4B10,C063CC00,FE3E4B10,C063CC00,C063CC00,C063CC00,C063CC00,C063CC00,C063CC00,C063CC00,FE3E4B10,FE3E4B10,"1, 2, 1, 0, 0, 0, 0, 0, 1, 0, 1, 0, 0, 0, 0, 0, 0, 0, 1, 1",0004,0002,0003,0000,0000,0000,0000,0000,0005,0000,0005,0000,0000,0000,0000,0000,0000,0000,0003,0004,"4, 2, 3, 0, 0, 0, 0, 0, 5, 0, 5, 0, 0, 0, 0, 0, 0, 0, 3, 4",0000,0001,0000,0000,0000,0000,0000,0000,0000,0000,0001,0000,0000,0000,0000,0000,0000,0000,0000,0000,"0, 1, 0, 0, 0, 0, 0, 0, 0, 0, 1, 0, 0, 0, 0, 0, 0, 0, 0, 0",00,01,00,00,00,00,00,00,00,00,01,00,00,00,00,00,00,00,00,00,"FALSE, TRUE, FALSE, FALSE, FALSE, FALSE, FALSE, FALSE, FALSE, FALSE, TRUE, FALSE, FALSE, FALSE, FALSE, FALSE, FALSE, FALSE, FALSE, FALSE",2EC1A640,E3AC8780,"Normal Ammo Powder,Pierce Ammo Powder,Spread Ammo Powder,Elemental Ammo Powder","Normal Ammo Magazine,Pierce Ammo Magazine,Spread Ammo Magazine,Rapid Fire Magazine,Special Ammo Magazine",6471BD80,Wyvernblast,00,FALSE,60268F80,17F9A780,00000000,00000000,0003,0001,0000,0000,Tetrad Shot,3,Airborne,1
0000001D,29,00000001,00000009,9,00000000,00000000,0000003D,61,A23B74B9-8587-4A07-8B88-C0A038EBD119,Windshear Uchibami,1C8BAA43-79ED-479C-8632-FECA9A311B44,0000002E,46,00004E20,"20,000z",0000000B,8,00DC,220,0000,0,0000,0%,00000003,00000002,00000001,"3, 2, 1",E92D7680,Pierce?,FE3E4B10,578C0500,FE3E4B10,C063CC00,C063CC00,C063CC00,C063CC00,C063CC00,FE3E4B10,C063CC00,FE3E4B10,C063CC00,C063CC00,C063CC00,C063CC00,C063CC00,C063CC00,C063CC00,FE3E4B10,FE3E4B10,"1, 2, 1, 0, 0, 0, 0, 0, 1, 0, 1, 0, 0, 0, 0, 0, 0, 0, 1, 1",0004,0002,0003,0000,0000,0000,0000,0000,0005,0000,0005,0000,0000,0000,0000,0000,0000,0000,0003,0004,"4, 2, 3, 0, 0, 0, 0, 0, 5, 0, 5, 0, 0, 0, 0, 0, 0, 0, 3, 4",0000,0001,0000,0000,0000,0000,0000,0000,0000,0000,0001,0000,0000,0000,0000,0000,0000,0000,0000,0000,"0, 1, 0, 0, 0, 0, 0, 0, 0, 0, 1, 0, 0, 0, 0, 0, 0, 0, 0, 0",00,01,00,00,00,00,00,00,00,00,01,00,00,00,00,00,00,00,00,00,"FALSE, TRUE, FALSE, FALSE, FALSE, FALSE, FALSE, FALSE, FALSE, FALSE, TRUE, FALSE, FALSE, FALSE, FALSE, FALSE, FALSE, FALSE, FALSE, FALSE",2EC1A640,E3AC8780,"Normal Ammo Powder,Pierce Ammo Powder,Spread Ammo Powder,Elemental Ammo Powder","Normal Ammo Magazine,Pierce Ammo Magazine,Spread Ammo Magazine,Rapid Fire Magazine,Special Ammo Magazine",6471BD80,Wyvernblast,01,TRUE,60268F80,17F9A780,00000000,00000000,0003,0001,0000,0000,Tetrad Shot,3,Airborne,1
0000002D,45,00000001,00000013,19,00000000,00000000,0000003E,62,C65ECEBC-46F3-4882-977C-B0F895F5F95D,G. Veldian Impetum I,C5D5C124-3FB9-4215-90C0-330AC9074769,0000000D,13,00000A28,"2,600z",0000000F,4,00A0,160,0000,0,FFF6,-10%,00000001,00000001,00000000,"1, 1, 0",03831064,Spread?,FE3E4B10,FE3E4B10,578C0500,FE3E4B10,C063CC00,C063CC00,C063CC00,C063CC00,578C0500,C063CC00,578C0500,FE3E4B10,C063CC00,C063CC00,C063CC00,C063CC00,C063CC00,C063CC00,C063CC00,FE3E4B10,"1, 1, 2, 1, 0, 0, 0, 0, 2, 0, 2, 1, 0, 0, 0, 0, 0, 0, 0, 1",0003,0004,0004,0002,0000,0000,0000,0000,0003,0000,0005,0001,0000,0000,0000,0000,0000,0000,0000,0004,"3, 4, 4, 2, 0, 0, 0, 0, 3, 0, 5, 1, 0, 0, 0, 0, 0, 0, 0, 4",0000,0000,0001,0000,0000,0000,0000,0000,0001,0000,0000,0000,0000,0000,0000,0000,0000,0000,0000,0000,"0, 0, 1, 0, 0, 0, 0, 0, 1, 0, 0, 0, 0, 0, 0, 0, 0, 0, 0, 0",00,00,01,00,00,00,00,00,01,00,00,00,00,00,00,00,00,00,00,00,"FALSE, FALSE, TRUE, FALSE, FALSE, FALSE, FALSE, FALSE, TRUE, FALSE, FALSE, FALSE, FALSE, FALSE, FALSE, FALSE, FALSE, FALSE, FALSE, FALSE",96368200,2696F400,"Normal Ammo Magazine,Pierce Ammo Magazine,Spread Ammo Magazine,Elemental Boost Magazine","Elemental Boost Magazine,Rapid Fire Mod,Special Ammo Mod",6471BD80,Wyvernblast,00,FALSE,660A4B80,00000000,00000000,00000000,0002,0000,0000,0000,Opening Shot,2,,
0000002E,46,00000001,00000013,19,00000000,00000000,0000003F,63,E73363F5-6C79-45C1-9024-6135E5E50506,G. Veldian Impetum II,9CF65EF0-FFD0-4D66-9FD9-C11B712E73B3,0000000E,14,00002710,"10,000z",0000000D,6,00C8,200,0000,0,FFF6,-10%,00000002,00000002,00000000,"2, 2, 0",03831064,Spread?,FE3E4B10,FE3E4B10,578C0500,FE3E4B10,C063CC00,C063CC00,C063CC00,C063CC00,578C0500,C063CC00,578C0500,FE3E4B10,C063CC00,C063CC00,C063CC00,C063CC00,C063CC00,C063CC00,C063CC00,FE3E4B10,"1, 1, 2, 1, 0, 0, 0, 0, 2, 0, 2, 1, 0, 0, 0, 0, 0, 0, 0, 1",0003,0004,0004,0002,0000,0000,0000,0000,0003,0000,0005,0001,0000,0000,0000,0000,0000,0000,0000,0004,"3, 4, 4, 2, 0, 0, 0, 0, 3, 0, 5, 1, 0, 0, 0, 0, 0, 0, 0, 4",0000,0000,0001,0000,0000,0000,0000,0000,0001,0000,0000,0000,0000,0000,0000,0000,0000,0000,0000,0000,"0, 0, 1, 0, 0, 0, 0, 0, 1, 0, 0, 0, 0, 0, 0, 0, 0, 0, 0, 0",00,00,01,00,00,00,00,00,01,00,00,00,00,00,00,00,00,00,00,00,"FALSE, FALSE, TRUE, FALSE, FALSE, FALSE, FALSE, FALSE, TRUE, FALSE, FALSE, FALSE, FALSE, FALSE, FALSE, FALSE, FALSE, FALSE, FALSE, FALSE",96368200,2696F400,"Normal Ammo Magazine,Pierce Ammo Magazine,Spread Ammo Magazine,Elemental Boost Magazine","Elemental Boost Magazine,Rapid Fire Mod,Special Ammo Mod",6471BD80,Wyvernblast,00,FALSE,660A4B80,00000000,00000000,00000000,0002,0000,0000,0000,Opening Shot,2,,
0000002F,47,00000001,00000013,19,00000000,00000000,00000040,64,FF054A5C-60AA-4BE6-A524-21385DF3C717,G. Expiating Caius,7FB4DA67-15A0-4A5F-9780-1DFC8FA1F3B9,0000000F,15,00004E20,"20,000z",0000000B,8,00E6,230,0000,0,FFF6,-10%,00000003,00000003,00000001,"3, 3, 1",03831064,Spread?,FE3E4B10,FE3E4B10,578C0500,FE3E4B10,C063CC00,C063CC00,C063CC00,C063CC00,578C0500,C063CC00,578C0500,FE3E4B10,C063CC00,C063CC00,C063CC00,C063CC00,C063CC00,C063CC00,C063CC00,FE3E4B10,"1, 1, 2, 1, 0, 0, 0, 0, 2, 0, 2, 1, 0, 0, 0, 0, 0, 0, 0, 1",0003,0004,0004,0002,0000,0000,0000,0000,0003,0000,0005,0001,0000,0000,0000,0000,0000,0000,0000,0004,"3, 4, 4, 2, 0, 0, 0, 0, 3, 0, 5, 1, 0, 0, 0, 0, 0, 0, 0, 4",0000,0000,0001,0000,0000,0000,0000,0000,0001,0000,0000,0000,0000,0000,0000,0000,0000,0000,0000,0000,"0, 0, 1, 0, 0, 0, 0, 0, 1, 0, 0, 0, 0, 0, 0, 0, 0, 0, 0, 0",00,00,01,00,00,00,00,00,01,00,00,00,00,00,00,00,00,00,00,00,"FALSE, FALSE, TRUE, FALSE, FALSE, FALSE, FALSE, FALSE, TRUE, FALSE, FALSE, FALSE, FALSE, FALSE, FALSE, FALSE, FALSE, FALSE, FALSE, FALSE",96368200,2696F400,"Normal Ammo Magazine,Pierce Ammo Magazine,Spread Ammo Magazine,Elemental Boost Magazine","Elemental Boost Magazine,Rapid Fire Mod,Special Ammo Mod",6471BD80,Wyvernblast,01,TRUE,660A4B80,00000000,00000000,00000000,0002,0000,0000,0000,Opening Shot,2,,
00000040,64,00000001,00000016,22,00000000,00000000,00000041,65,D8D5B90B-308F-4110-BB86-5AAA21FD1E4D,Veldian Impetum I,99700242-77FE-4BF8-AAC3-10046A83900A,00000010,16,000036B0,"14,000z",0000000C,7,00B4,180,0000,0,0000,0%,00000003,00000002,00000000,"3, 2, 0",E92D7680,Pierce?,FE3E4B10,6977C080,578C0500,C063CC00,C063CC00,C063CC00,C063CC00,578C0500,C063CC00,578C0500,C063CC00,FE3E4B10,C063CC00,C063CC00,FE3E4B10,FE3E4B10,FE3E4B10,C063CC00,C063CC00,FE3E4B10,"1, 3, 2, 0, 0, 0, 0, 2, 0, 2, 0, 1, 0, 0, 1, 1, 1, 0, 0, 1",0005,0003,0004,0000,0000,0000,0000,0005,0000,0005,0000,0003,0000,0000,0003,0002,0002,0000,0000,0004,"5, 3, 4, 0, 0, 0, 0, 5, 0, 5, 0, 3, 0, 0, 3, 2, 2, 0, 0, 4",0000,0001,0001,0000,0000,0000,0000,0000,0000,0000,0000,0001,0000,0000,0000,0000,0000,0000,0000,0000,"0, 1, 1, 0, 0, 0, 0, 0, 0, 0, 0, 1, 0, 0, 0, 0, 0, 0, 0, 0",00,01,01,00,00,00,00,00,00,00,00,01,00,00,00,00,00,00,00,00,"FALSE, TRUE, TRUE, FALSE, FALSE, FALSE, FALSE, FALSE, FALSE, FALSE, FALSE, TRUE, FALSE, FALSE, FALSE, FALSE, FALSE, FALSE, FALSE, FALSE",7899A400,2696F400,"Normal Ammo Magazine,Pierce Ammo Magazine,Spread Ammo Magazine,Elemental Boost Magazine","Elemental Boost Magazine,Rapid Fire Mod,Special Ammo Mod",9F0A5000,Adhesive Ammo?,00,FALSE,660A4B80,00000000,00000000,00000000,0003,0000,0000,0000,Opening Shot,3,,
00000042,66,00000001,000186A4,100004,00000000,00000000,00000042,66,44327323-0A3C-4AAE-A991-E3589ABD3EB7,Artian Blaster I,F290715D-7A71-41EA-A2AC-28370ADD6750,00000064,100,00000028,40z,0000000D,6,00AA,170,0000,0,0005,5%,00000002,00000002,00000002,"2, 2, 2",9BE1AC80,Normal?,578C0500,578C0500,578C0500,C063CC00,C063CC00,C063CC00,C063CC00,C063CC00,C063CC00,C063CC00,C063CC00,C063CC00,C063CC00,C063CC00,C063CC00,C063CC00,C063CC00,C063CC00,C063CC00,FE3E4B10,"2, 2, 2, 0, 0, 0, 0, 0, 0, 0, 0, 0, 0, 0, 0, 0, 0, 0, 0, 1",0002,0002,0002,0001,0000,0000,0000,0001,0001,0001,0001,0001,0001,0001,0001,0000,0000,0000,0000,0004,"2, 2, 2, 1, 0, 0, 0, 1, 1, 1, 1, 1, 1, 1, 1, 0, 0, 0, 0, 4",0001,0000,0000,0000,0000,0000,0000,0001,0001,0001,0001,0001,0001,0001,0001,0000,0000,0000,0000,0000,"1, 0, 0, 0, 0, 0, 0, 1, 1, 1, 1, 1, 1, 1, 1, 0, 0, 0, 0, 0",01,00,00,00,00,00,00,01,01,01,01,01,01,01,01,00,00,00,00,00,"TRUE, FALSE, FALSE, FALSE, FALSE, FALSE, FALSE, TRUE, TRUE, TRUE, TRUE, TRUE, TRUE, TRUE, TRUE, FALSE, FALSE, FALSE, FALSE, FALSE",2EC1A640,E3AC8780,"Normal Ammo Powder,Pierce Ammo Powder,Spread Ammo Powder,Elemental Ammo Powder","Normal Ammo Magazine,Pierce Ammo Magazine,Spread Ammo Magazine,Rapid Fire Magazine,Special Ammo Magazine",9F0A5000,Adhesive Ammo?,00,FALSE,00000000,00000000,00000000,00000000,0000,0000,0000,0000,,,,
00000043,67,00000001,000186A4,100004,00000000,00000000,00000043,67,392AF126-C36C-4921-A0C6-ED5DDC3C18A7,Artian Blaster II,BA88FA30-41C9-4424-83EA-FDC1D133202B,00000065,101,00000064,100z,0000000C,7,00B4,180,0000,0,0005,5%,00000002,00000002,00000002,"2, 2, 2",9BE1AC80,Normal?,578C0500,578C0500,578C0500,C063CC00,C063CC00,C063CC00,C063CC00,C063CC00,C063CC00,C063CC00,C063CC00,C063CC00,C063CC00,C063CC00,C063CC00,C063CC00,C063CC00,C063CC00,C063CC00,FE3E4B10,"2, 2, 2, 0, 0, 0, 0, 0, 0, 0, 0, 0, 0, 0, 0, 0, 0, 0, 0, 1",0002,0002,0002,0001,0000,0000,0000,0001,0001,0001,0001,0001,0001,0001,0001,0000,0000,0000,0000,0004,"2, 2, 2, 1, 0, 0, 0, 1, 1, 1, 1, 1, 1, 1, 1, 0, 0, 0, 0, 4",0001,0000,0000,0000,0000,0000,0000,0001,0001,0001,0001,0001,0001,0001,0001,0000,0000,0000,0000,0000,"1, 0, 0, 0, 0, 0, 0, 1, 1, 1, 1, 1, 1, 1, 1, 0, 0, 0, 0, 0",01,00,00,00,00,00,00,01,01,01,01,01,01,01,01,00,00,00,00,00,"TRUE, FALSE, FALSE, FALSE, FALSE, FALSE, FALSE, TRUE, TRUE, TRUE, TRUE, TRUE, TRUE, TRUE, TRUE, FALSE, FALSE, FALSE, FALSE, FALSE",2EC1A640,E3AC8780,"Normal Ammo Powder,Pierce Ammo Powder,Spread Ammo Powder,Elemental Ammo Powder","Normal Ammo Magazine,Pierce Ammo Magazine,Spread Ammo Magazine,Rapid Fire Magazine,Special Ammo Magazine",9F0A5000,Adhesive Ammo?,00,FALSE,00000000,00000000,00000000,00000000,0000,0000,0000,0000,,,,
00000044,68,00000001,000186A4,100004,00000000,00000000,00000044,68,626560F2-79CC-4592-B750-2180577F6B07,Animilater,8106A987-E3FA-45B7-B18F-569AE9B1EF28,00000066,102,000000C8,200z,0000000B,8,00BE,190,0000,0,0005,5%,00000003,00000003,00000003,"3, 3, 3",9BE1AC80,Normal?,578C0500,578C0500,578C0500,C063CC00,C063CC00,C063CC00,C063CC00,C063CC00,C063CC00,C063CC00,C063CC00,C063CC00,C063CC00,C063CC00,C063CC00,C063CC00,C063CC00,C063CC00,C063CC00,FE3E4B10,"2, 2, 2, 0, 0, 0, 0, 0, 0, 0, 0, 0, 0, 0, 0, 0, 0, 0, 0, 1",0002,0002,0002,0001,0000,0000,0000,0001,0001,0001,0001,0001,0001,0001,0001,0000,0000,0000,0000,0004,"2, 2, 2, 1, 0, 0, 0, 1, 1, 1, 1, 1, 1, 1, 1, 0, 0, 0, 0, 4",0001,0000,0000,0000,0000,0000,0000,0001,0001,0001,0001,0001,0001,0001,0001,0000,0000,0000,0000,0000,"1, 0, 0, 0, 0, 0, 0, 1, 1, 1, 1, 1, 1, 1, 1, 0, 0, 0, 0, 0",01,00,00,00,00,00,00,01,01,01,01,01,01,01,01,00,00,00,00,00,"TRUE, FALSE, FALSE, FALSE, FALSE, FALSE, FALSE, TRUE, TRUE, TRUE, TRUE, TRUE, TRUE, TRUE, TRUE, FALSE, FALSE, FALSE, FALSE, FALSE",2EC1A640,E3AC8780,"Normal Ammo Powder,Pierce Ammo Powder,Spread Ammo Powder,Elemental Ammo Powder","Normal Ammo Magazine,Pierce Ammo Magazine,Spread Ammo Magazine,Rapid Fire Magazine,Special Ammo Magazine",9F0A5000,Adhesive Ammo?,01,TRUE,00000000,00000000,00000000,00000000,0000,0000,0000,0000,,,,
00000005,5,00000001,00000001,1,00000000,00000000,00000049,73,A29A4B59-B1E4-4E33-93EA-75A63B70A040,Esperanza Rifle,3804631C-FBE6-42ED-9279-A5932F71E7C2,00000005,5,00004E20,"20,000z",0000000B,8,00D2,210,0000,0,0000,0%,00000003,00000002,00000001,"3, 2, 1",9BE1AC80,Normal?,578C0500,FE3E4B10,FE3E4B10,C063CC00,C063CC00,C063CC00,C063CC00,C063CC00,C063CC00,FE3E4B10,C063CC00,C063CC00,FE3E4B10,C063CC00,C063CC00,FE3E4B10,C063CC00,FE3E4B10,C063CC00,FE3E4B10,"2, 1, 1, 0, 0, 0, 0, 0, 0, 1, 0, 0, 1, 0, 0, 1, 0, 1, 0, 1",0004,0004,0003,0000,0000,0000,0000,0000,0000,0005,0000,0000,0003,0000,0000,0001,0000,0001,0000,0004,"4, 4, 3, 0, 0, 0, 0, 0, 0, 5, 0, 0, 3, 0, 0, 1, 0, 1, 0, 4",0001,0000,0001,0000,0000,0000,0000,0000,0000,0000,0000,0000,0000,0000,0000,0000,0000,0000,0000,0000,"1, 0, 1, 0, 0, 0, 0, 0, 0, 0, 0, 0, 0, 0, 0, 0, 0, 0, 0, 0",01,00,01,00,00,00,00,00,00,00,00,00,00,00,00,00,00,00,00,00,"TRUE, FALSE, TRUE, FALSE, FALSE, FALSE, FALSE, FALSE, FALSE, FALSE, FALSE, FALSE, FALSE, FALSE, FALSE, FALSE, FALSE, FALSE, FALSE, FALSE",43635280,935B7680,"Normal Ammo Magazine,Pierce Ammo Magazine,Spread Ammo Magazine,Elemental Boost Magazine","Normal Ammo Magazine,Pierce Ammo Magazine,Spread Ammo Magazine,Rapid Fire Magazine,Special Ammo Magazine",6471BD80,Wyvernblast,01,TRUE,E6EE04A0,830A1C00,00000000,00000000,0003,0001,0000,0000,Ballistics,3,Critical Eye,1
00000015,21,00000001,00000004,4,00000000,00000000,0000004A,74,55C80B72-0C43-4288-B17D-2CE1A59EBD25,Faithbreaker Leibolkule,AA4FC683-D0EC-45EA-979C-BB72D2C72A5B,0000000C,12,00004E20,"20,000z",0000000B,8,00F0,240,0014,20,FFFB,-5%,00000003,00000002,00000001,"3, 2, 1",9BE1AC80,Normal?,6977C080,FE3E4B10,FE3E4B10,FE3E4B10,C063CC00,C063CC00,C063CC00,C063CC00,FE3E4B10,C063CC00,C063CC00,C063CC00,C063CC00,C063CC00,C063CC00,C063CC00,C063CC00,C063CC00,C063CC00,FE3E4B10,"3, 1, 1, 1, 0, 0, 0, 0, 1, 0, 0, 0, 0, 0, 0, 0, 0, 0, 0, 1",0002,0004,0005,0001,0000,0000,0000,0000,0006,0000,0000,0000,0000,0000,0000,0000,0000,0000,0000,0004,"2, 4, 5, 1, 0, 0, 0, 0, 6, 0, 0, 0, 0, 0, 0, 0, 0, 0, 0, 4",0001,0001,0000,0000,0000,0000,0000,0000,0000,0000,0000,0000,0000,0000,0000,0000,0000,0000,0000,0000,"1, 1, 0, 0, 0, 0, 0, 0, 0, 0, 0, 0, 0, 0, 0, 0, 0, 0, 0, 0",01,01,00,00,00,00,00,00,00,00,00,00,00,00,00,00,00,00,00,00,"TRUE, TRUE, FALSE, FALSE, FALSE, FALSE, FALSE, FALSE, FALSE, FALSE, FALSE, FALSE, FALSE, FALSE, FALSE, FALSE, FALSE, FALSE, FALSE, FALSE",43635280,8F23FB00,"Normal Ammo Magazine,Pierce Ammo Magazine,Spread Ammo Magazine,Elemental Boost Magazine","Normal Ammo Magazine,Pierce Ammo Magazine,Spread Ammo Magazine,Rapid Fire Magazine,Special Ammo Magazine",6471BD80,Wyvernblast,01,TRUE,660A4B80,00000000,00000000,00000000,0003,0000,0000,0000,Opening Shot,3,,
00000041,65,00000001,00000016,22,00000000,00000000,0000004B,75,ABB44F66-A3B8-4DDC-96D8-4E6DC69B75FB,Expiating Caius,D87F3CDB-8A29-4C96-B4F8-40B71A499A47,00000011,17,00004E20,"20,000z",0000000B,8,00C8,200,0000,0,0000,0%,00000003,00000002,00000001,"3, 2, 1",E92D7680,Pierce?,FE3E4B10,6977C080,578C0500,C063CC00,C063CC00,C063CC00,C063CC00,578C0500,C063CC00,578C0500,C063CC00,FE3E4B10,C063CC00,C063CC00,FE3E4B10,FE3E4B10,FE3E4B10,C063CC00,C063CC00,FE3E4B10,"1, 3, 2, 0, 0, 0, 0, 2, 0, 2, 0, 1, 0, 0, 1, 1, 1, 0, 0, 1",0005,0003,0004,0000,0000,0000,0000,0005,0000,0005,0000,0003,0000,0000,0003,0002,0002,0000,0000,0004,"5, 3, 4, 0, 0, 0, 0, 5, 0, 5, 0, 3, 0, 0, 3, 2, 2, 0, 0, 4",0000,0001,0001,0000,0000,0000,0000,0000,0000,0000,0000,0001,0000,0000,0000,0000,0000,0000,0000,0000,"0, 1, 1, 0, 0, 0, 0, 0, 0, 0, 0, 1, 0, 0, 0, 0, 0, 0, 0, 0",00,01,01,00,00,00,00,00,00,00,00,01,00,00,00,00,00,00,00,00,"FALSE, TRUE, TRUE, FALSE, FALSE, FALSE, FALSE, FALSE, FALSE, FALSE, FALSE, TRUE, FALSE, FALSE, FALSE, FALSE, FALSE, FALSE, FALSE, FALSE",7899A400,2696F400,"Normal Ammo Magazine,Pierce Ammo Magazine,Spread Ammo Magazine,Elemental Boost Magazine","Elemental Boost Magazine,Rapid Fire Mod,Special Ammo Mod",9F0A5000,Adhesive Ammo?,01,TRUE,660A4B80,00000000,00000000,00000000,0003,0000,0000,0000,Opening Shot,3,,